HIT,HIT_id,HIT_website_address,HIT_results_address,HIT_status,submitted_assignments,Worker_id,Assignment_id,Accept_time,Submit_time,Full_response,isBot,assignment_status,q1,q2,q3,q4,q5,q6,q7,q8,q9,q10,q11,q12
0,3ATYLI1PRT9E7LO5SQLQHBFT00BJOC,https://workersandbox.mturk.com/mturk/preview?groupId=331OPTJB1S8F5O6LZ3S7NAMLD63TX0,https://requestersandbox.mturk.com/mturk/manageHITs,Assignable,1,A2EE2N0X2ZPJ5E,39GAF6DQWS85P8FSTF60XN9VPHR1VE,2023-11-11 10:11:49-08:00,2023-11-11 10:18:40-08:00,"[{""q1"":{""-1"":false,""-2"":false,""-3"":false,""0"":false,""1"":false,""2"":true,""3"":false,""video not playing"":false},""q10"":{""-1"":false,""-2"":false,""-3"":false,""0"":false,""1"":true,""2"":false,""3"":false,""video not playing"":false},""q11"":{""-1"":true,""-2"":false,""-3"":false,""0"":false,""1"":false,""2"":false,""3"":false,""video not playing"":false},""q12"":{""-1"":false,""-2"":false,""-3"":true,""0"":false,""1"":false,""2"":false,""3"":false,""video not playing"":false},""q2"":{""-1"":false,""-2"":true,""-3"":false,""0"":false,""1"":false,""2"":false,""3"":false,""video not playing"":false},""q3"":{""-1"":false,""-2"":false,""-3"":false,""0"":false,""1"":true,""2"":false,""3"":false,""video not playing"":false},""q4"":{""-1"":false,""-2"":false,""-3"":false,""0"":false,""1"":false,""2"":false,""3"":true,""video not playing"":false},""q5"":{""-1"":false,""-2"":false,""-3"":true,""0"":false,""1"":false,""2"":false,""3"":false,""video not playing"":false},""q6"":{""-1"":false,""-2"":false,""-3"":false,""0"":false,""1"":false,""2"":false,""3"":true,""video not playing"":false},""q7"":{""-1"":false,""-2"":false,""-3"":false,""0"":true,""1"":false,""2"":false,""3"":false,""video not playing"":false},""q8"":{""-1"":false,""-2"":false,""-3"":false,""0"":false,""1"":true,""2"":false,""3"":false,""video not playing"":false},""q9"":{""-1"":false,""-2"":true,""-3"":false,""0"":false,""1"":false,""2"":false,""3"":false,""video not playing"":false},""worker_ip"":""104.142.117.203-false""}]",FALSE,Submitted,2,-2,1,3,-3,3,0,1,-2,1,-1,-3
1,3X4Q1O9UBHTLNQN3RHWTELAK95BO7A,https://workersandbox.mturk.com/mturk/preview?groupId=3RJQE76GDHUZ6CY1PK8IOBPWLDKY3U,https://requestersandbox.mturk.com/mturk/manageHITs,Assignable,1,A2EE2N0X2ZPJ5E,345LHZDEDY01MW47BTAEPUM99UW3UJ,2023-11-11 10:19:14-08:00,2023-11-11 10:25:25-08:00,"[{""q1"":{""-1"":false,""-2"":true,""-3"":false,""0"":false,""1"":false,""2"":false,""3"":false,""video not playing"":false},""q10"":{""-1"":false,""-2"":false,""-3"":false,""0"":false,""1"":true,""2"":false,""3"":false,""video not playing"":false},""q2"":{""-1"":true,""-2"":false,""-3"":false,""0"":false,""1"":false,""2"":false,""3"":false,""video not playing"":false},""q3"":{""-1"":false,""-2"":false,""-3"":false,""0"":false,""1"":false,""2"":true,""3"":false,""video not playing"":false},""q4"":{""-1"":false,""-2"":true,""-3"":false,""0"":false,""1"":false,""2"":false,""3"":false,""video not playing"":false},""q5"":{""-1"":false,""-2"":false,""-3"":false,""0"":true,""1"":false,""2"":false,""3"":false,""video not playing"":false},""q6"":{""-1"":false,""-2"":false,""-3"":false,""0"":true,""1"":false,""2"":false,""3"":false,""video not playing"":false},""q7"":{""-1"":false,""-2"":false,""-3"":true,""0"":false,""1"":false,""2"":false,""3"":false,""video not playing"":false},""q8"":{""-1"":false,""-2"":false,""-3"":false,""0"":true,""1"":false,""2"":false,""3"":false,""video not playing"":false},""q9"":{""-1"":true,""-2"":false,""-3"":false,""0"":false,""1"":false,""2"":false,""3"":false,""video not playing"":false},""worker_ip"":""104.142.117.203-false""}]",FALSE,Submitted,-2,-1,2,-2,0,0,-3,0,-1,1,,
2,3OND0WXMHWMW4OGQACF90M50J61HE1,https://workersandbox.mturk.com/mturk/preview?groupId=3GSIANI2QSK3FQ8XRMIBOTIW8L6PDP,https://requestersandbox.mturk.com/mturk/manageHITs,Assignable,1,A2EE2N0X2ZPJ5E,3PW9OPU9PRSWSHHQ55MPVICKSJY217,2023-11-11 10:26:06-08:00,2023-11-11 10:29:34-08:00,"[{""q1"":{""-1"":false,""-2"":false,""-3"":false,""0"":true,""1"":false,""2"":false,""3"":false,""video not playing"":false},""q10"":{""-1"":false,""-2"":false,""-3"":false,""0"":true,""1"":false,""2"":false,""3"":false,""video not playing"":false},""q2"":{""-1"":false,""-2"":false,""-3"":false,""0"":false,""1"":false,""2"":false,""3"":true,""video not playing"":false},""q3"":{""-1"":false,""-2"":false,""-3"":true,""0"":false,""1"":false,""2"":false,""3"":false,""video not playing"":false},""q4"":{""-1"":false,""-2"":false,""-3"":false,""0"":false,""1"":true,""2"":false,""3"":false,""video not playing"":false},""q5"":{""-1"":false,""-2"":false,""-3"":false,""0"":false,""1"":true,""2"":false,""3"":false,""video not playing"":false},""q6"":{""-1"":false,""-2"":false,""-3"":false,""0"":false,""1"":false,""2"":true,""3"":false,""video not playing"":false},""q7"":{""-1"":false,""-2"":false,""-3"":false,""0"":true,""1"":false,""2"":false,""3"":false,""video not playing"":false},""q8"":{""-1"":false,""-2"":true,""-3"":false,""0"":false,""1"":false,""2"":false,""3"":false,""video not playing"":false},""q9"":{""-1"":false,""-2"":true,""-3"":false,""0"":false,""1"":false,""2"":false,""3"":false,""video not playing"":false},""worker_ip"":""104.142.117.203-false""}]",FALSE,Submitted,0,3,-3,1,1,2,0,-2,-2,0,,
3,371QPA24C2VNPWD9YI1J7LPU5RST14,https://workersandbox.mturk.com/mturk/preview?groupId=33YYKPVHQV9M8BFZWWTAJSLCMDQ0U4,https://requestersandbox.mturk.com/mturk/manageHITs,Assignable,1,A2EE2N0X2ZPJ5E,3BGYGHDBBYS3H2ZMO9M301MPKPC22O,2023-11-11 10:30:04-08:00,2023-11-11 10:33:03-08:00,"[{""q1"":{""-1"":false,""-2"":false,""-3"":false,""0"":false,""1"":false,""2"":false,""3"":true,""video not playing"":false},""q10"":{""-1"":false,""-2"":true,""-3"":false,""0"":false,""1"":false,""2"":false,""3"":false,""video not playing"":false},""q2"":{""-1"":false,""-2"":true,""-3"":false,""0"":false,""1"":false,""2"":false,""3"":false,""video not playing"":false},""q3"":{""-1"":false,""-2"":false,""-3"":false,""0"":true,""1"":false,""2"":false,""3"":false,""video not playing"":false},""q4"":{""-1"":false,""-2"":false,""-3"":false,""0"":true,""1"":false,""2"":false,""3"":false,""video not playing"":false},""q5"":{""-1"":false,""-2"":false,""-3"":true,""0"":false,""1"":false,""2"":false,""3"":false,""video not playing"":false},""q6"":{""-1"":false,""-2"":false,""-3"":false,""0"":true,""1"":false,""2"":false,""3"":false,""video not playing"":false},""q7"":{""-1"":false,""-2"":false,""-3"":false,""0"":true,""1"":false,""2"":false,""3"":false,""video not playing"":false},""q8"":{""-1"":false,""-2"":false,""-3"":false,""0"":true,""1"":false,""2"":false,""3"":false,""video not playing"":false},""q9"":{""-1"":false,""-2"":false,""-3"":false,""0"":true,""1"":false,""2"":false,""3"":false,""video not playing"":false},""worker_ip"":""104.142.117.203-false""}]",FALSE,Submitted,3,-2,0,0,-3,0,0,0,0,-2,,
4,3PKJ68EHDN34F42IODQ0X2ISOEXHJM,https://workersandbox.mturk.com/mturk/preview?groupId=3NFX4PNWY8G107HAPJWOH8XG31G3EL,https://requestersandbox.mturk.com/mturk/manageHITs,Assignable,1,A2EE2N0X2ZPJ5E,3YWRV122CT7NNTADNA5AGBUKPGO8UG,2023-11-11 10:33:29-08:00,2023-11-11 10:35:48-08:00,"[{""q1"":{""-1"":false,""-2"":false,""-3"":false,""0"":true,""1"":false,""2"":false,""3"":false,""video not playing"":false},""q10"":{""-1"":false,""-2"":false,""-3"":false,""0"":false,""1"":false,""2"":false,""3"":true,""video not playing"":false},""q2"":{""-1"":false,""-2"":false,""-3"":false,""0"":false,""1"":false,""2"":false,""3"":true,""video not playing"":false},""q3"":{""-1"":false,""-2"":false,""-3"":false,""0"":false,""1"":false,""2"":false,""3"":true,""video not playing"":false},""q4"":{""-1"":false,""-2"":false,""-3"":true,""0"":false,""1"":false,""2"":false,""3"":false,""video not playing"":false},""q5"":{""-1"":false,""-2"":false,""-3"":false,""0"":true,""1"":false,""2"":false,""3"":false,""video not playing"":false},""q6"":{""-1"":false,""-2"":true,""-3"":false,""0"":false,""1"":false,""2"":false,""3"":false,""video not playing"":false},""q7"":{""-1"":false,""-2"":false,""-3"":false,""0"":true,""1"":false,""2"":false,""3"":false,""video not playing"":false},""q8"":{""-1"":false,""-2"":false,""-3"":false,""0"":false,""1"":true,""2"":false,""3"":false,""video not playing"":false},""q9"":{""-1"":false,""-2"":false,""-3"":false,""0"":true,""1"":false,""2"":false,""3"":false,""video not playing"":false},""worker_ip"":""104.142.117.203-false""}]",FALSE,Submitted,0,3,3,-3,0,-2,0,1,0,3,,
5,3W0XM68YZP2OMDNM49NR6U2YME1K1P,https://workersandbox.mturk.com/mturk/preview?groupId=3OR5EJIUG2Y4453CWSC3C3M5PHJU99,https://requestersandbox.mturk.com/mturk/manageHITs,Assignable,1,A2EE2N0X2ZPJ5E,369J354OFEIHEXQUAQJVSIX2ADJ6GS,2023-11-11 10:36:01-08:00,2023-11-11 10:39:37-08:00,"[{""q1"":{""-1"":false,""-2"":false,""-3"":true,""0"":false,""1"":false,""2"":false,""3"":false,""video not playing"":false},""q10"":{""-1"":false,""-2"":false,""-3"":false,""0"":true,""1"":false,""2"":false,""3"":false,""video not playing"":false},""q2"":{""-1"":false,""-2"":false,""-3"":false,""0"":true,""1"":false,""2"":false,""3"":false,""video not playing"":false},""q3"":{""-1"":false,""-2"":false,""-3"":false,""0"":false,""1"":true,""2"":false,""3"":false,""video not playing"":false},""q4"":{""-1"":false,""-2"":false,""-3"":false,""0"":true,""1"":false,""2"":false,""3"":false,""video not playing"":false},""q5"":{""-1"":false,""-2"":false,""-3"":false,""0"":true,""1"":false,""2"":false,""3"":false,""video not playing"":false},""q6"":{""-1"":false,""-2"":false,""-3"":false,""0"":true,""1"":false,""2"":false,""3"":false,""video not playing"":false},""q7"":{""-1"":true,""-2"":false,""-3"":false,""0"":false,""1"":false,""2"":false,""3"":false,""video not playing"":false},""q8"":{""-1"":false,""-2"":false,""-3"":false,""0"":true,""1"":false,""2"":false,""3"":false,""video not playing"":false},""q9"":{""-1"":false,""-2"":false,""-3"":false,""0"":true,""1"":false,""2"":false,""3"":false,""video not playing"":false},""worker_ip"":""104.142.117.203-false""}]",FALSE,Submitted,-3,0,1,0,0,0,-1,0,0,0,,
6,3XJOUITW8UYB60XQJXRY8MX2D3KQTW,https://workersandbox.mturk.com/mturk/preview?groupId=3J8EA8AJXQB2ER5F4JR407DLUGBVVF,https://requestersandbox.mturk.com/mturk/manageHITs,Assignable,1,A2EE2N0X2ZPJ5E,3TDXMTX3CC2VAOWP0EJYDUAIPQB6IK,2023-11-11 10:39:50-08:00,2023-11-11 10:43:14-08:00,"[{""q1"":{""-1"":false,""-2"":false,""-3"":false,""0"":false,""1"":true,""2"":false,""3"":false,""video not playing"":false},""q10"":{""-1"":false,""-2"":false,""-3"":false,""0"":false,""1"":false,""2"":false,""3"":true,""video not playing"":false},""q2"":{""-1"":false,""-2"":false,""-3"":false,""0"":false,""1"":false,""2"":true,""3"":false,""video not playing"":false},""q3"":{""-1"":false,""-2"":false,""-3"":false,""0"":true,""1"":false,""2"":false,""3"":false,""video not playing"":false},""q4"":{""-1"":false,""-2"":false,""-3"":false,""0"":false,""1"":false,""2"":true,""3"":false,""video not playing"":false},""q5"":{""-1"":true,""-2"":false,""-3"":false,""0"":false,""1"":false,""2"":false,""3"":false,""video not playing"":false},""q6"":{""-1"":true,""-2"":false,""-3"":false,""0"":false,""1"":false,""2"":false,""3"":false,""video not playing"":false},""q7"":{""-1"":false,""-2"":false,""-3"":false,""0"":false,""1"":false,""2"":true,""3"":false,""video not playing"":false},""q8"":{""-1"":false,""-2"":false,""-3"":false,""0"":true,""1"":false,""2"":false,""3"":false,""video not playing"":false},""q9"":{""-1"":false,""-2"":true,""-3"":false,""0"":false,""1"":false,""2"":false,""3"":false,""video not playing"":false},""worker_ip"":""104.142.117.203-false""}]",FALSE,Submitted,1,2,0,2,-1,-1,2,0,-2,3,,
7,31N9JPQXIPP0YUT33BISQ9Z9XY2HNQ,https://workersandbox.mturk.com/mturk/preview?groupId=3KYKM8PUWFJDKH8CFK4U2BUTVH83H1,https://requestersandbox.mturk.com/mturk/manageHITs,Assignable,1,A2EE2N0X2ZPJ5E,3TYCR1GOTDRZOZO6NMDM28V5BY1ZLH,2023-11-11 10:43:34-08:00,2023-11-11 10:45:42-08:00,"[{""q1"":{""-1"":true,""-2"":false,""-3"":false,""0"":false,""1"":false,""2"":false,""3"":false,""video not playing"":false},""q10"":{""-1"":false,""-2"":false,""-3"":false,""0"":true,""1"":false,""2"":false,""3"":false,""video not playing"":false},""q2"":{""-1"":false,""-2"":false,""-3"":false,""0"":false,""1"":true,""2"":false,""3"":false,""video not playing"":false},""q3"":{""-1"":false,""-2"":false,""-3"":false,""0"":true,""1"":false,""2"":false,""3"":false,""video not playing"":false},""q4"":{""-1"":false,""-2"":false,""-3"":false,""0"":false,""1"":false,""2"":false,""3"":true,""video not playing"":false},""q5"":{""-1"":false,""-2"":false,""-3"":true,""0"":false,""1"":false,""2"":false,""3"":false,""video not playing"":false},""q6"":{""-1"":false,""-2"":false,""-3"":false,""0"":false,""1"":false,""2"":false,""3"":true,""video not playing"":false},""q7"":{""-1"":false,""-2"":false,""-3"":true,""0"":false,""1"":false,""2"":false,""3"":false,""video not playing"":false},""q8"":{""-1"":false,""-2"":false,""-3"":false,""0"":true,""1"":false,""2"":false,""3"":false,""video not playing"":false},""q9"":{""-1"":false,""-2"":false,""-3"":false,""0"":false,""1"":false,""2"":true,""3"":false,""video not playing"":false},""worker_ip"":""104.142.117.203-false""}]",FALSE,Submitted,-1,1,0,3,-3,3,-3,0,2,0,,
12,37VE3DA4YUOYXL460LDJZEZFG9OHB1,https://workersandbox.mturk.com/mturk/preview?groupId=3R70E4E2CN1TAY2JRQN04N0ENLUPCP,https://requestersandbox.mturk.com/mturk/manageHITs,Assignable,1,A2EE2N0X2ZPJ5E,3TE22NPXPCKNNUTWW1OFMVGLOH444I,2023-11-11 10:55:42-08:00,2023-11-11 10:58:40-08:00,"[{""q1"":{""-1"":false,""-2"":false,""-3"":true,""0"":false,""1"":false,""2"":false,""3"":false,""video not playing"":false},""q10"":{""-1"":false,""-2"":true,""-3"":false,""0"":false,""1"":false,""2"":false,""3"":false,""video not playing"":false},""q2"":{""-1"":false,""-2"":false,""-3"":false,""0"":true,""1"":false,""2"":false,""3"":false,""video not playing"":false},""q3"":{""-1"":false,""-2"":false,""-3"":false,""0"":false,""1"":true,""2"":false,""3"":false,""video not playing"":false},""q4"":{""-1"":false,""-2"":true,""-3"":false,""0"":false,""1"":false,""2"":false,""3"":false,""video not playing"":false},""q5"":{""-1"":false,""-2"":false,""-3"":false,""0"":true,""1"":false,""2"":false,""3"":false,""video not playing"":false},""q6"":{""-1"":false,""-2"":true,""-3"":false,""0"":false,""1"":false,""2"":false,""3"":false,""video not playing"":false},""q7"":{""-1"":false,""-2"":false,""-3"":false,""0"":false,""1"":true,""2"":false,""3"":false,""video not playing"":false},""q8"":{""-1"":false,""-2"":false,""-3"":false,""0"":true,""1"":false,""2"":false,""3"":false,""video not playing"":false},""q9"":{""-1"":false,""-2"":true,""-3"":false,""0"":false,""1"":false,""2"":false,""3"":false,""video not playing"":false},""worker_ip"":""104.142.117.203-false""}]",FALSE,Submitted,-3,0,1,-2,0,-2,1,0,-2,-2,,
13,3KG2UQJ0MJVDBNS6M15MZNRAOLYQNV,https://workersandbox.mturk.com/mturk/preview?groupId=33MMW7ZS0AYA9J9YIKXUUKEDDOWVQL,https://requestersandbox.mturk.com/mturk/manageHITs,Assignable,1,A2EE2N0X2ZPJ5E,3VP0C6EFSH4H67MGLTHQ5NHZ6ZV6M0,2023-11-11 10:58:54-08:00,2023-11-11 11:02:11-08:00,"[{""q1"":{""-1"":false,""-2"":false,""-3"":true,""0"":false,""1"":false,""2"":false,""3"":false,""video not playing"":false},""q10"":{""-1"":false,""-2"":true,""-3"":false,""0"":false,""1"":false,""2"":false,""3"":false,""video not playing"":false},""q2"":{""-1"":false,""-2"":false,""-3"":false,""0"":true,""1"":false,""2"":false,""3"":false,""video not playing"":false},""q3"":{""-1"":false,""-2"":false,""-3"":false,""0"":true,""1"":false,""2"":false,""3"":false,""video not playing"":false},""q4"":{""-1"":false,""-2"":false,""-3"":false,""0"":true,""1"":false,""2"":false,""3"":false,""video not playing"":false},""q5"":{""-1"":false,""-2"":false,""-3"":false,""0"":false,""1"":true,""2"":false,""3"":false,""video not playing"":false},""q6"":{""-1"":false,""-2"":false,""-3"":false,""0"":true,""1"":false,""2"":false,""3"":false,""video not playing"":false},""q7"":{""-1"":false,""-2"":false,""-3"":false,""0"":false,""1"":true,""2"":false,""3"":false,""video not playing"":false},""q8"":{""-1"":true,""-2"":false,""-3"":false,""0"":false,""1"":false,""2"":false,""3"":false,""video not playing"":false},""q9"":{""-1"":false,""-2"":false,""-3"":false,""0"":true,""1"":false,""2"":false,""3"":false,""video not playing"":false},""worker_ip"":""104.142.117.203-false""}]",FALSE,Submitted,-3,0,0,0,1,0,1,-1,0,-2,,
14,32ZCLEW0BZRWSL067QY56BKJA57JPT,https://workersandbox.mturk.com/mturk/preview?groupId=3LJ9P5KQ15N45TWV4ZE96OTUFCXTY6,https://requestersandbox.mturk.com/mturk/manageHITs,Assignable,1,A2EE2N0X2ZPJ5E,33LK57MYLUDMSCJW7VANEU903S9ZSV,2023-11-11 11:02:25-08:00,2023-11-11 11:05:00-08:00,"[{""q1"":{""-1"":false,""-2"":true,""-3"":false,""0"":false,""1"":false,""2"":false,""3"":false,""video not playing"":false},""q10"":{""-1"":false,""-2"":false,""-3"":false,""0"":false,""1"":true,""2"":false,""3"":false,""video not playing"":false},""q2"":{""-1"":false,""-2"":false,""-3"":false,""0"":false,""1"":false,""2"":true,""3"":false,""video not playing"":false},""q3"":{""-1"":false,""-2"":false,""-3"":false,""0"":false,""1"":false,""2"":true,""3"":false,""video not playing"":false},""q4"":{""-1"":false,""-2"":false,""-3"":false,""0"":true,""1"":false,""2"":false,""3"":false,""video not playing"":false},""q5"":{""-1"":false,""-2"":false,""-3"":false,""0"":false,""1"":false,""2"":true,""3"":false,""video not playing"":false},""q6"":{""-1"":false,""-2"":false,""-3"":false,""0"":true,""1"":false,""2"":false,""3"":false,""video not playing"":false},""q7"":{""-1"":true,""-2"":false,""-3"":false,""0"":false,""1"":false,""2"":false,""3"":false,""video not playing"":false},""q8"":{""-1"":false,""-2"":true,""-3"":false,""0"":false,""1"":false,""2"":false,""3"":false,""video not playing"":false},""q9"":{""-1"":false,""-2"":false,""-3"":false,""0"":true,""1"":false,""2"":false,""3"":false,""video not playing"":false},""worker_ip"":""104.142.117.203-false""}]",FALSE,Submitted,-2,2,2,0,2,0,-1,-2,0,1,,
15,38DCH97KHH9HSX1L73DU6GATF1TJQK,https://workersandbox.mturk.com/mturk/preview?groupId=334916ZQEKC4AJ600LGSKV2WL61TZX,https://requestersandbox.mturk.com/mturk/manageHITs,Assignable,1,A2EE2N0X2ZPJ5E,3KKG4CDWKJ6OK0Z8DWK633R1A9I94J,2023-11-11 11:05:11-08:00,2023-11-11 11:07:31-08:00,"[{""q1"":{""-1"":false,""-2"":false,""-3"":false,""0"":true,""1"":false,""2"":false,""3"":false,""video not playing"":false},""q10"":{""-1"":false,""-2"":false,""-3"":false,""0"":true,""1"":false,""2"":false,""3"":false,""video not playing"":false},""q2"":{""-1"":false,""-2"":true,""-3"":false,""0"":false,""1"":false,""2"":false,""3"":false,""video not playing"":false},""q3"":{""-1"":true,""-2"":false,""-3"":false,""0"":false,""1"":false,""2"":false,""3"":false,""video not playing"":false},""q4"":{""-1"":false,""-2"":false,""-3"":false,""0"":false,""1"":false,""2"":false,""3"":true,""video not playing"":false},""q5"":{""-1"":false,""-2"":false,""-3"":false,""0"":true,""1"":false,""2"":false,""3"":false,""video not playing"":false},""q6"":{""-1"":true,""-2"":false,""-3"":false,""0"":false,""1"":false,""2"":false,""3"":false,""video not playing"":false},""q7"":{""-1"":false,""-2"":false,""-3"":false,""0"":false,""1"":false,""2"":false,""3"":true,""video not playing"":false},""q8"":{""-1"":false,""-2"":false,""-3"":false,""0"":true,""1"":false,""2"":false,""3"":false,""video not playing"":false},""q9"":{""-1"":false,""-2"":true,""-3"":false,""0"":false,""1"":false,""2"":false,""3"":false,""video not playing"":false},""worker_ip"":""104.142.117.203-false""}]",FALSE,Submitted,0,-2,-1,3,0,-1,3,0,-2,0,,
16,3MD8CKRQZZUH4YGLKI2UB6KYBNVJRL,https://workersandbox.mturk.com/mturk/preview?groupId=33YYKPVHQV9M8BFZWWTAJSLCMDPU0X,https://requestersandbox.mturk.com/mturk/manageHITs,Assignable,1,A2EE2N0X2ZPJ5E,3ZGVPD4G6UPN7CWBWVFDOZ5M5BNZTK,2023-11-11 11:07:44-08:00,2023-11-11 11:10:13-08:00,"[{""q1"":{""-1"":false,""-2"":false,""-3"":true,""0"":false,""1"":false,""2"":false,""3"":false,""video not playing"":false},""q10"":{""-1"":false,""-2"":false,""-3"":false,""0"":true,""1"":false,""2"":false,""3"":false,""video not playing"":false},""q2"":{""-1"":false,""-2"":false,""-3"":false,""0"":false,""1"":true,""2"":false,""3"":false,""video not playing"":false},""q3"":{""-1"":true,""-2"":false,""-3"":false,""0"":false,""1"":false,""2"":false,""3"":false,""video not playing"":false},""q4"":{""-1"":false,""-2"":false,""-3"":false,""0"":true,""1"":false,""2"":false,""3"":false,""video not playing"":false},""q5"":{""-1"":false,""-2"":false,""-3"":true,""0"":false,""1"":false,""2"":false,""3"":false,""video not playing"":false},""q6"":{""-1"":false,""-2"":false,""-3"":false,""0"":true,""1"":false,""2"":false,""3"":false,""video not playing"":false},""q7"":{""-1"":false,""-2"":false,""-3"":false,""0"":true,""1"":false,""2"":false,""3"":false,""video not playing"":false},""q8"":{""-1"":false,""-2"":false,""-3"":false,""0"":false,""1"":false,""2"":true,""3"":false,""video not playing"":false},""q9"":{""-1"":false,""-2"":false,""-3"":true,""0"":false,""1"":false,""2"":false,""3"":false,""video not playing"":false},""worker_ip"":""104.142.117.203-false""}]",FALSE,Submitted,-3,1,-1,0,-3,0,0,2,-3,0,,
17,3VW0145YLYJQ7I3TFA6DP7QO50WMJ0,https://workersandbox.mturk.com/mturk/preview?groupId=33GCHQ2CVO6FV0F1UN0G4IUADH1ROG,https://requestersandbox.mturk.com/mturk/manageHITs,Assignable,1,A2EE2N0X2ZPJ5E,35USIKEBNSONOP7GXUWQI26ZBP56N0,2023-11-11 11:10:33-08:00,2023-11-11 11:13:38-08:00,"[{""q1"":{""-1"":false,""-2"":false,""-3"":false,""0"":true,""1"":false,""2"":false,""3"":false,""video not playing"":false},""q10"":{""-1"":false,""-2"":false,""-3"":false,""0"":true,""1"":false,""2"":false,""3"":false,""video not playing"":false},""q2"":{""-1"":false,""-2"":false,""-3"":false,""0"":false,""1"":true,""2"":false,""3"":false,""video not playing"":false},""q3"":{""-1"":true,""-2"":false,""-3"":false,""0"":false,""1"":false,""2"":false,""3"":false,""video not playing"":false},""q4"":{""-1"":false,""-2"":false,""-3"":false,""0"":false,""1"":false,""2"":true,""3"":false,""video not playing"":false},""q5"":{""-1"":false,""-2"":false,""-3"":true,""0"":false,""1"":false,""2"":false,""3"":false,""video not playing"":false},""q6"":{""-1"":false,""-2"":false,""-3"":false,""0"":false,""1"":false,""2"":true,""3"":false,""video not playing"":false},""q7"":{""-1"":false,""-2"":false,""-3"":true,""0"":false,""1"":false,""2"":false,""3"":false,""video not playing"":false},""q8"":{""-1"":false,""-2"":false,""-3"":false,""0"":false,""1"":true,""2"":false,""3"":false,""video not playing"":false},""q9"":{""-1"":false,""-2"":false,""-3"":true,""0"":false,""1"":false,""2"":false,""3"":false,""video not playing"":false},""worker_ip"":""104.142.117.203-false""}]",FALSE,Submitted,0,1,-1,2,-3,2,-3,1,-3,0,,
18,391JB9X4ZYFLI29BXV6PQMQ1KPWMKZ,https://workersandbox.mturk.com/mturk/preview?groupId=3VMQHMXNFUOXG0R29NDVTIZ0NMXRPX,https://requestersandbox.mturk.com/mturk/manageHITs,Assignable,1,A2EE2N0X2ZPJ5E,3VZLGYJEYMIUOT5V15GAD2QSI7BZX3,2023-11-11 11:13:51-08:00,2023-11-11 11:16:04-08:00,"[{""q1"":{""-1"":false,""-2"":false,""-3"":false,""0"":false,""1"":true,""2"":false,""3"":false,""video not playing"":false},""q10"":{""-1"":false,""-2"":false,""-3"":false,""0"":true,""1"":false,""2"":false,""3"":false,""video not playing"":false},""q2"":{""-1"":false,""-2"":false,""-3"":false,""0"":false,""1"":false,""2"":false,""3"":true,""video not playing"":false},""q3"":{""-1"":false,""-2"":false,""-3"":true,""0"":false,""1"":false,""2"":false,""3"":false,""video not playing"":false},""q4"":{""-1"":false,""-2"":true,""-3"":false,""0"":false,""1"":false,""2"":false,""3"":false,""video not playing"":false},""q5"":{""-1"":false,""-2"":false,""-3"":false,""0"":true,""1"":false,""2"":false,""3"":false,""video not playing"":false},""q6"":{""-1"":false,""-2"":true,""-3"":false,""0"":false,""1"":false,""2"":false,""3"":false,""video not playing"":false},""q7"":{""-1"":false,""-2"":false,""-3"":true,""0"":false,""1"":false,""2"":false,""3"":false,""video not playing"":false},""q8"":{""-1"":false,""-2"":false,""-3"":false,""0"":true,""1"":false,""2"":false,""3"":false,""video not playing"":false},""q9"":{""-1"":false,""-2"":false,""-3"":false,""0"":false,""1"":false,""2"":true,""3"":false,""video not playing"":false},""worker_ip"":""104.142.117.203-false""}]",FALSE,Submitted,1,3,-3,-2,0,-2,-3,0,2,0,,
19,3538U0YQ1F19GU9NQ2ADEAPQC2YF3A,https://workersandbox.mturk.com/mturk/preview?groupId=38NEE7DWQJ878Y0AWR30EWZA3ZJ0TD,https://requestersandbox.mturk.com/mturk/manageHITs,Assignable,1,A2EE2N0X2ZPJ5E,3V26SBZTBEMJTO5A2N4VAN63Q79ZZ0,2023-11-11 11:16:15-08:00,2023-11-11 11:18:22-08:00,"[{""q1"":{""-1"":false,""-2"":true,""-3"":false,""0"":false,""1"":false,""2"":false,""3"":false,""video not playing"":false},""q10"":{""-1"":false,""-2"":false,""-3"":true,""0"":false,""1"":false,""2"":false,""3"":false,""video not playing"":false},""q2"":{""-1"":false,""-2"":false,""-3"":false,""0"":true,""1"":false,""2"":false,""3"":false,""video not playing"":false},""q3"":{""-1"":false,""-2"":false,""-3"":false,""0"":false,""1"":false,""2"":true,""3"":false,""video not playing"":false},""q4"":{""-1"":false,""-2"":false,""-3"":false,""0"":true,""1"":false,""2"":false,""3"":false,""video not playing"":false},""q5"":{""-1"":false,""-2"":false,""-3"":false,""0"":true,""1"":false,""2"":false,""3"":false,""video not playing"":false},""q6"":{""-1"":false,""-2"":true,""-3"":false,""0"":false,""1"":false,""2"":false,""3"":false,""video not playing"":false},""q7"":{""-1"":false,""-2"":false,""-3"":false,""0"":false,""1"":false,""2"":true,""3"":false,""video not playing"":false},""q8"":{""-1"":false,""-2"":false,""-3"":true,""0"":false,""1"":false,""2"":false,""3"":false,""video not playing"":false},""q9"":{""-1"":false,""-2"":false,""-3"":false,""0"":false,""1"":false,""2"":true,""3"":false,""video not playing"":false},""worker_ip"":""104.142.117.203-false""}]",FALSE,Submitted,-2,0,2,0,0,-2,2,-3,2,-3,,
23,3EKTG13IZUAW28RTIVIQ5M3G9P1ML2,https://workersandbox.mturk.com/mturk/preview?groupId=310QDH87LC6IGCSH90SKTNPASIJRQO,https://requestersandbox.mturk.com/mturk/manageHITs,Assignable,1,A2EE2N0X2ZPJ5E,3BWI6RSP7HH2YJ88N5YZYTCMS8OE7I,2023-11-11 11:28:29-08:00,2023-11-11 11:30:05-08:00,"[{""q1"":{""-1"":false,""-2"":false,""-3"":false,""0"":false,""1"":true,""2"":false,""3"":false,""video not playing"":false},""q10"":{""-1"":false,""-2"":false,""-3"":false,""0"":false,""1"":false,""2"":false,""3"":true,""video not playing"":false},""q2"":{""-1"":false,""-2"":false,""-3"":false,""0"":false,""1"":true,""2"":false,""3"":false,""video not playing"":false},""q3"":{""-1"":false,""-2"":false,""-3"":false,""0"":true,""1"":false,""2"":false,""3"":false,""video not playing"":false},""q4"":{""-1"":false,""-2"":false,""-3"":true,""0"":false,""1"":false,""2"":false,""3"":false,""video not playing"":false},""q5"":{""-1"":false,""-2"":false,""-3"":true,""0"":false,""1"":false,""2"":false,""3"":false,""video not playing"":false},""q6"":{""-1"":false,""-2"":false,""-3"":false,""0"":true,""1"":false,""2"":false,""3"":false,""video not playing"":false},""q7"":{""-1"":false,""-2"":false,""-3"":false,""0"":false,""1"":true,""2"":false,""3"":false,""video not playing"":false},""q8"":{""-1"":false,""-2"":true,""-3"":false,""0"":false,""1"":false,""2"":false,""3"":false,""video not playing"":false},""q9"":{""-1"":false,""-2"":false,""-3"":false,""0"":false,""1"":false,""2"":true,""3"":false,""video not playing"":false},""worker_ip"":""104.142.117.203-false""}]",FALSE,Submitted,1,1,0,-3,-3,0,1,-2,2,3,,
24,3XUY87HIVPLG8Q9EI7J55ZI59URMM4,https://workersandbox.mturk.com/mturk/preview?groupId=3F0M8SSD3URISD7HMFHKYDZFO4LRRP,https://requestersandbox.mturk.com/mturk/manageHITs,Assignable,1,A2EE2N0X2ZPJ5E,3M0BCWMB8W4JHVXPLM4LP15II2KBWH,2023-11-11 11:30:18-08:00,2023-11-11 11:32:36-08:00,"[{""q1"":{""-1"":false,""-2"":false,""-3"":false,""0"":true,""1"":false,""2"":false,""3"":false,""video not playing"":false},""q10"":{""-1"":false,""-2"":false,""-3"":false,""0"":true,""1"":false,""2"":false,""3"":false,""video not playing"":false},""q2"":{""-1"":false,""-2"":true,""-3"":false,""0"":false,""1"":false,""2"":false,""3"":false,""video not playing"":false},""q3"":{""-1"":false,""-2"":false,""-3"":false,""0"":false,""1"":false,""2"":true,""3"":false,""video not playing"":false},""q4"":{""-1"":true,""-2"":false,""-3"":false,""0"":false,""1"":false,""2"":false,""3"":false,""video not playing"":false},""q5"":{""-1"":false,""-2"":false,""-3"":false,""0"":false,""1"":true,""2"":false,""3"":false,""video not playing"":false},""q6"":{""-1"":true,""-2"":false,""-3"":false,""0"":false,""1"":false,""2"":false,""3"":false,""video not playing"":false},""q7"":{""-1"":false,""-2"":true,""-3"":false,""0"":false,""1"":false,""2"":false,""3"":false,""video not playing"":false},""q8"":{""-1"":false,""-2"":false,""-3"":true,""0"":false,""1"":false,""2"":false,""3"":false,""video not playing"":false},""q9"":{""-1"":false,""-2"":false,""-3"":false,""0"":true,""1"":false,""2"":false,""3"":false,""video not playing"":false},""worker_ip"":""104.142.117.203-false""}]",FALSE,Submitted,0,-2,2,-1,1,-1,-2,-3,0,0,,
25,36JW4WBR06ROA2GM5NZFI4Q0V7GHFJ,https://workersandbox.mturk.com/mturk/preview?groupId=31AETRIGVBU87WMXNHTVUB0H8X7PEI,https://requestersandbox.mturk.com/mturk/manageHITs,Assignable,1,A2EE2N0X2ZPJ5E,38YMOXR4MV7DBJGUPVNDELJQ4196WR,2023-11-11 11:33:04-08:00,2023-11-11 11:36:36-08:00,"[{""q1"":{""-1"":false,""-2"":false,""-3"":false,""0"":true,""1"":false,""2"":false,""3"":false,""video not playing"":false},""q10"":{""-1"":false,""-2"":false,""-3"":false,""0"":false,""1"":true,""2"":false,""3"":false,""video not playing"":false},""q2"":{""-1"":false,""-2"":false,""-3"":false,""0"":false,""1"":true,""2"":false,""3"":false,""video not playing"":false},""q3"":{""-1"":false,""-2"":true,""-3"":false,""0"":false,""1"":false,""2"":false,""3"":false,""video not playing"":false},""q4"":{""-1"":false,""-2"":true,""-3"":false,""0"":false,""1"":false,""2"":false,""3"":false,""video not playing"":false},""q5"":{""-1"":false,""-2"":false,""-3"":false,""0"":true,""1"":false,""2"":false,""3"":false,""video not playing"":false},""q6"":{""-1"":false,""-2"":false,""-3"":false,""0"":true,""1"":false,""2"":false,""3"":false,""video not playing"":false},""q7"":{""-1"":false,""-2"":false,""-3"":false,""0"":false,""1"":true,""2"":false,""3"":false,""video not playing"":false},""q8"":{""-1"":true,""-2"":false,""-3"":false,""0"":false,""1"":false,""2"":false,""3"":false,""video not playing"":false},""q9"":{""-1"":true,""-2"":false,""-3"":false,""0"":false,""1"":false,""2"":false,""3"":false,""video not playing"":false},""worker_ip"":""104.142.117.203-false""}]",FALSE,Submitted,0,1,-2,-2,0,0,1,-1,-1,1,,
26,32204AGAABJUO2CHG75X0PQCWMGHGI,https://workersandbox.mturk.com/mturk/preview?groupId=3J6XXRWLELZ0DAMTISD1CTLHKYMPF0,https://requestersandbox.mturk.com/mturk/manageHITs,Assignable,1,A2EE2N0X2ZPJ5E,3K3R2QNK8CBN1YTNS2BOG7PV9M69U6,2023-11-11 11:36:48-08:00,2023-11-11 11:38:45-08:00,"[{""q1"":{""-1"":false,""-2"":false,""-3"":false,""0"":false,""1"":true,""2"":false,""3"":false,""video not playing"":false},""q10"":{""-1"":false,""-2"":false,""-3"":true,""0"":false,""1"":false,""2"":false,""3"":false,""video not playing"":false},""q2"":{""-1"":false,""-2"":false,""-3"":true,""0"":false,""1"":false,""2"":false,""3"":false,""video not playing"":false},""q3"":{""-1"":false,""-2"":false,""-3"":false,""0"":false,""1"":false,""2"":false,""3"":true,""video not playing"":false},""q4"":{""-1"":false,""-2"":false,""-3"":true,""0"":false,""1"":false,""2"":false,""3"":false,""video not playing"":false},""q5"":{""-1"":false,""-2"":false,""-3"":false,""0"":true,""1"":false,""2"":false,""3"":false,""video not playing"":false},""q6"":{""-1"":false,""-2"":false,""-3"":false,""0"":false,""1"":true,""2"":false,""3"":false,""video not playing"":false},""q7"":{""-1"":false,""-2"":true,""-3"":false,""0"":false,""1"":false,""2"":false,""3"":false,""video not playing"":false},""q8"":{""-1"":false,""-2"":true,""-3"":false,""0"":false,""1"":false,""2"":false,""3"":false,""video not playing"":false},""q9"":{""-1"":false,""-2"":false,""-3"":false,""0"":false,""1"":false,""2"":true,""3"":false,""video not playing"":false},""worker_ip"":""104.142.117.203-false""}]",FALSE,Submitted,1,-3,3,-3,0,1,-2,-2,2,-3,,
27,3DFYDSXB2W79KQ82OCXZGH7IIMZJUP,https://workersandbox.mturk.com/mturk/preview?groupId=3O471962EOGT4LIDBJXO2GERJB9U2H,https://requestersandbox.mturk.com/mturk/manageHITs,Assignable,1,A2EE2N0X2ZPJ5E,39O5D9O87U0502N7P2PEVO032UPC3I,2023-11-11 11:38:59-08:00,2023-11-11 11:41:29-08:00,"[{""q1"":{""-1"":false,""-2"":false,""-3"":false,""0"":false,""1"":false,""2"":true,""3"":false,""video not playing"":false},""q10"":{""-1"":false,""-2"":false,""-3"":false,""0"":true,""1"":false,""2"":false,""3"":false,""video not playing"":false},""q2"":{""-1"":false,""-2"":false,""-3"":false,""0"":false,""1"":false,""2"":false,""3"":true,""video not playing"":false},""q3"":{""-1"":true,""-2"":false,""-3"":false,""0"":false,""1"":false,""2"":false,""3"":false,""video not playing"":false},""q4"":{""-1"":false,""-2"":false,""-3"":false,""0"":false,""1"":false,""2"":false,""3"":true,""video not playing"":false},""q5"":{""-1"":false,""-2"":false,""-3"":false,""0"":true,""1"":false,""2"":false,""3"":false,""video not playing"":false},""q6"":{""-1"":true,""-2"":false,""-3"":false,""0"":false,""1"":false,""2"":false,""3"":false,""video not playing"":false},""q7"":{""-1"":false,""-2"":true,""-3"":false,""0"":false,""1"":false,""2"":false,""3"":false,""video not playing"":false},""q8"":{""-1"":true,""-2"":false,""-3"":false,""0"":false,""1"":false,""2"":false,""3"":false,""video not playing"":false},""q9"":{""-1"":false,""-2"":true,""-3"":false,""0"":false,""1"":false,""2"":false,""3"":false,""video not playing"":false},""worker_ip"":""104.142.117.203-false""}]",FALSE,Submitted,2,3,-1,3,0,-1,-2,-1,-2,0,,
28,37ZQELHEQ05MQ8UEU8Y5IE75EK1MN4,https://workersandbox.mturk.com/mturk/preview?groupId=3FWHJCYVLFRUTS7U14HPON4BA64RSD,https://requestersandbox.mturk.com/mturk/manageHITs,Assignable,1,A2EE2N0X2ZPJ5E,3U5JL4WY5LHELWH6GCQKJ6DJHC94XX,2023-11-11 11:41:47-08:00,2023-11-11 11:44:31-08:00,"[{""q1"":{""-1"":false,""-2"":true,""-3"":false,""0"":false,""1"":false,""2"":false,""3"":false,""video not playing"":false},""q10"":{""-1"":false,""-2"":false,""-3"":false,""0"":true,""1"":false,""2"":false,""3"":false,""video not playing"":false},""q2"":{""-1"":true,""-2"":false,""-3"":false,""0"":false,""1"":false,""2"":false,""3"":false,""video not playing"":false},""q3"":{""-1"":false,""-2"":false,""-3"":false,""0"":true,""1"":false,""2"":false,""3"":false,""video not playing"":false},""q4"":{""-1"":false,""-2"":false,""-3"":false,""0"":true,""1"":false,""2"":false,""3"":false,""video not playing"":false},""q5"":{""-1"":false,""-2"":true,""-3"":false,""0"":false,""1"":false,""2"":false,""3"":false,""video not playing"":false},""q6"":{""-1"":false,""-2"":true,""-3"":false,""0"":false,""1"":false,""2"":false,""3"":false,""video not playing"":false},""q7"":{""-1"":false,""-2"":false,""-3"":true,""0"":false,""1"":false,""2"":false,""3"":false,""video not playing"":false},""q8"":{""-1"":false,""-2"":false,""-3"":false,""0"":true,""1"":false,""2"":false,""3"":false,""video not playing"":false},""q9"":{""-1"":false,""-2"":true,""-3"":false,""0"":false,""1"":false,""2"":false,""3"":false,""video not playing"":false},""worker_ip"":""104.142.117.203-false""}]",FALSE,Submitted,-2,-1,0,0,-2,-2,-3,0,-2,0,,
29,3OZ4VAIBEXM9X5X2T274C391WT8JVE,https://workersandbox.mturk.com/mturk/preview?groupId=38TZTS8OLONIP3EWFJBTLQJJPP9U3S,https://requestersandbox.mturk.com/mturk/manageHITs,Assignable,1,A2EE2N0X2ZPJ5E,336KAV9KYR0TINSTHUTY95NUZ472Y5,2023-11-11 11:45:18-08:00,2023-11-11 11:47:06-08:00,"[{""q1"":{""-1"":false,""-2"":false,""-3"":true,""0"":false,""1"":false,""2"":false,""3"":false,""video not playing"":false},""q10"":{""-1"":false,""-2"":false,""-3"":false,""0"":true,""1"":false,""2"":false,""3"":false,""video not playing"":false},""q2"":{""-1"":false,""-2"":false,""-3"":true,""0"":false,""1"":false,""2"":false,""3"":false,""video not playing"":false},""q3"":{""-1"":false,""-2"":false,""-3"":false,""0"":true,""1"":false,""2"":false,""3"":false,""video not playing"":false},""q4"":{""-1"":false,""-2"":false,""-3"":false,""0"":true,""1"":false,""2"":false,""3"":false,""video not playing"":false},""q5"":{""-1"":false,""-2"":false,""-3"":true,""0"":false,""1"":false,""2"":false,""3"":false,""video not playing"":false},""q6"":{""-1"":false,""-2"":false,""-3"":false,""0"":true,""1"":false,""2"":false,""3"":false,""video not playing"":false},""q7"":{""-1"":false,""-2"":false,""-3"":false,""0"":true,""1"":false,""2"":false,""3"":false,""video not playing"":false},""q8"":{""-1"":true,""-2"":false,""-3"":false,""0"":false,""1"":false,""2"":false,""3"":false,""video not playing"":false},""q9"":{""-1"":false,""-2"":false,""-3"":false,""0"":true,""1"":false,""2"":false,""3"":false,""video not playing"":false},""worker_ip"":""104.142.117.203-false""}]",FALSE,Submitted,-3,-3,0,0,-3,0,0,-1,0,0,,
30,3HEM8MA6H9JDE84J2GIE3CW5O0ZQPR,https://workersandbox.mturk.com/mturk/preview?groupId=3HID22PG0DJMMZOBAOMZPKTEVCHVSA,https://requestersandbox.mturk.com/mturk/manageHITs,Assignable,1,A2EE2N0X2ZPJ5E,3PQ8K71NHYSHR8PUE38XC1OL81WAAA,2023-11-11 11:47:28-08:00,2023-11-11 11:49:46-08:00,"[{""q1"":{""-1"":false,""-2"":false,""-3"":false,""0"":true,""1"":false,""2"":false,""3"":false,""video not playing"":false},""q10"":{""-1"":false,""-2"":false,""-3"":false,""0"":false,""1"":false,""2"":false,""3"":true,""video not playing"":false},""q2"":{""-1"":false,""-2"":false,""-3"":false,""0"":false,""1"":false,""2"":true,""3"":false,""video not playing"":false},""q3"":{""-1"":false,""-2"":false,""-3"":true,""0"":false,""1"":false,""2"":false,""3"":false,""video not playing"":false},""q4"":{""-1"":false,""-2"":false,""-3"":false,""0"":true,""1"":false,""2"":false,""3"":false,""video not playing"":false},""q5"":{""-1"":true,""-2"":false,""-3"":false,""0"":false,""1"":false,""2"":false,""3"":false,""video not playing"":false},""q6"":{""-1"":false,""-2"":true,""-3"":false,""0"":false,""1"":false,""2"":false,""3"":false,""video not playing"":false},""q7"":{""-1"":false,""-2"":false,""-3"":false,""0"":false,""1"":true,""2"":false,""3"":false,""video not playing"":false},""q8"":{""-1"":false,""-2"":false,""-3"":false,""0"":false,""1"":true,""2"":false,""3"":false,""video not playing"":false},""q9"":{""-1"":false,""-2"":false,""-3"":false,""0"":false,""1"":true,""2"":false,""3"":false,""video not playing"":false},""worker_ip"":""104.142.117.203-false""}]",FALSE,Submitted,0,2,-3,0,-1,-2,1,1,1,3,,
32,3LXX8KJXPWGP19BW6EUDSH1Q4VZO9M,https://workersandbox.mturk.com/mturk/preview?groupId=3831ZVZNKD42KRL533WB38NGZ9BY5K,https://requestersandbox.mturk.com/mturk/manageHITs,Assignable,1,A2EE2N0X2ZPJ5E,3VD82FOHKRWUMRGT8096JRYEXLLCOD,2023-11-11 11:51:37-08:00,2023-11-11 11:53:31-08:00,"[{""q1"":{""-1"":false,""-2"":false,""-3"":false,""0"":true,""1"":false,""2"":false,""3"":false,""video not playing"":false},""q10"":{""-1"":false,""-2"":false,""-3"":false,""0"":false,""1"":true,""2"":false,""3"":false,""video not playing"":false},""q2"":{""-1"":false,""-2"":false,""-3"":false,""0"":false,""1"":false,""2"":true,""3"":false,""video not playing"":false},""q3"":{""-1"":false,""-2"":false,""-3"":false,""0"":true,""1"":false,""2"":false,""3"":false,""video not playing"":false},""q4"":{""-1"":false,""-2"":false,""-3"":false,""0"":true,""1"":false,""2"":false,""3"":false,""video not playing"":false},""q5"":{""-1"":false,""-2"":false,""-3"":false,""0"":false,""1"":true,""2"":false,""3"":false,""video not playing"":false},""q6"":{""-1"":false,""-2"":false,""-3"":false,""0"":false,""1"":false,""2"":true,""3"":false,""video not playing"":false},""q7"":{""-1"":false,""-2"":false,""-3"":false,""0"":false,""1"":false,""2"":true,""3"":false,""video not playing"":false},""q8"":{""-1"":false,""-2"":false,""-3"":false,""0"":true,""1"":false,""2"":false,""3"":false,""video not playing"":false},""q9"":{""-1"":false,""-2"":false,""-3"":true,""0"":false,""1"":false,""2"":false,""3"":false,""video not playing"":false},""worker_ip"":""104.142.117.203-false""}]",FALSE,Submitted,0,2,0,0,1,2,2,0,-3,1,,
33,3SX4X51T80G36SL1YK8DOCCAADHOA1,https://workersandbox.mturk.com/mturk/preview?groupId=30M3L2ZU9YMY3VLJ8M6GVE1GV4MY60,https://requestersandbox.mturk.com/mturk/manageHITs,Assignable,1,A2EE2N0X2ZPJ5E,31N2WW6R9SYC3E7HG4FF3UL6Z7HF3W,2023-11-11 11:53:46-08:00,2023-11-11 11:56:09-08:00,"[{""q1"":{""-1"":false,""-2"":true,""-3"":false,""0"":false,""1"":false,""2"":false,""3"":false,""video not playing"":false},""q10"":{""-1"":false,""-2"":false,""-3"":false,""0"":false,""1"":false,""2"":false,""3"":true,""video not playing"":false},""q2"":{""-1"":false,""-2"":false,""-3"":false,""0"":false,""1"":true,""2"":false,""3"":false,""video not playing"":false},""q3"":{""-1"":true,""-2"":false,""-3"":false,""0"":false,""1"":false,""2"":false,""3"":false,""video not playing"":false},""q4"":{""-1"":false,""-2"":true,""-3"":false,""0"":false,""1"":false,""2"":false,""3"":false,""video not playing"":false},""q5"":{""-1"":false,""-2"":false,""-3"":false,""0"":true,""1"":false,""2"":false,""3"":false,""video not playing"":false},""q6"":{""-1"":false,""-2"":false,""-3"":false,""0"":true,""1"":false,""2"":false,""3"":false,""video not playing"":false},""q7"":{""-1"":false,""-2"":false,""-3"":false,""0"":true,""1"":false,""2"":false,""3"":false,""video not playing"":false},""q8"":{""-1"":true,""-2"":false,""-3"":false,""0"":false,""1"":false,""2"":false,""3"":false,""video not playing"":false},""q9"":{""-1"":false,""-2"":false,""-3"":false,""0"":false,""1"":false,""2"":true,""3"":false,""video not playing"":false},""worker_ip"":""104.142.117.203-false""}]",FALSE,Submitted,-2,1,-1,-2,0,0,0,-1,2,3,,
34,34XASH8KLQTMTT6RANBXM3C0EZ2MP0,https://workersandbox.mturk.com/mturk/preview?groupId=362C90YY6R4A85ZYQ9CP3OMZV3PRUT,https://requestersandbox.mturk.com/mturk/manageHITs,Assignable,1,A2EE2N0X2ZPJ5E,3I7DHKZYGO8FHTULUN38IRJQD38F5M,2023-11-11 11:56:35-08:00,2023-11-11 11:58:10-08:00,"[{""q1"":{""-1"":false,""-2"":false,""-3"":false,""0"":true,""1"":false,""2"":false,""3"":false,""video not playing"":false},""q10"":{""-1"":false,""-2"":false,""-3"":false,""0"":true,""1"":false,""2"":false,""3"":false,""video not playing"":false},""q2"":{""-1"":true,""-2"":false,""-3"":false,""0"":false,""1"":false,""2"":false,""3"":false,""video not playing"":false},""q3"":{""-1"":false,""-2"":false,""-3"":false,""0"":true,""1"":false,""2"":false,""3"":false,""video not playing"":false},""q4"":{""-1"":false,""-2"":false,""-3"":false,""0"":false,""1"":false,""2"":false,""3"":true,""video not playing"":false},""q5"":{""-1"":false,""-2"":true,""-3"":false,""0"":false,""1"":false,""2"":false,""3"":false,""video not playing"":false},""q6"":{""-1"":false,""-2"":false,""-3"":true,""0"":false,""1"":false,""2"":false,""3"":false,""video not playing"":false},""q7"":{""-1"":false,""-2"":false,""-3"":false,""0"":true,""1"":false,""2"":false,""3"":false,""video not playing"":false},""q8"":{""-1"":false,""-2"":false,""-3"":false,""0"":false,""1"":false,""2"":true,""3"":false,""video not playing"":false},""q9"":{""-1"":false,""-2"":false,""-3"":false,""0"":true,""1"":false,""2"":false,""3"":false,""video not playing"":false},""worker_ip"":""104.142.117.203-false""}]",FALSE,Submitted,0,-1,0,3,-2,-3,0,2,0,0,,
35,3L60IFZKF3P8OY7S0DNFLP2DBMTHHH,https://workersandbox.mturk.com/mturk/preview?groupId=3FP1X514OQR6RAIOTCJJUELTLDMPGZ,https://requestersandbox.mturk.com/mturk/manageHITs,Assignable,1,A2EE2N0X2ZPJ5E,3NJM2BJS4XEC7RSUN0ML8R347QHCPU,2023-11-11 11:59:38-08:00,2023-11-11 12:01:37-08:00,"[{""q1"":{""-1"":false,""-2"":false,""-3"":true,""0"":false,""1"":false,""2"":false,""3"":false,""video not playing"":false},""q10"":{""-1"":false,""-2"":false,""-3"":false,""0"":false,""1"":false,""2"":false,""3"":true,""video not playing"":false},""q2"":{""-1"":false,""-2"":true,""-3"":false,""0"":false,""1"":false,""2"":false,""3"":false,""video not playing"":false},""q3"":{""-1"":false,""-2"":false,""-3"":true,""0"":false,""1"":false,""2"":false,""3"":false,""video not playing"":false},""q4"":{""-1"":false,""-2"":false,""-3"":false,""0"":true,""1"":false,""2"":false,""3"":false,""video not playing"":false},""q5"":{""-1"":true,""-2"":false,""-3"":false,""0"":false,""1"":false,""2"":false,""3"":false,""video not playing"":false},""q6"":{""-1"":false,""-2"":false,""-3"":false,""0"":true,""1"":false,""2"":false,""3"":false,""video not playing"":false},""q7"":{""-1"":false,""-2"":false,""-3"":false,""0"":false,""1"":false,""2"":true,""3"":false,""video not playing"":false},""q8"":{""-1"":false,""-2"":false,""-3"":false,""0"":true,""1"":false,""2"":false,""3"":false,""video not playing"":false},""q9"":{""-1"":false,""-2"":false,""-3"":false,""0"":false,""1"":false,""2"":true,""3"":false,""video not playing"":false},""worker_ip"":""104.142.117.203-false""}]",FALSE,Submitted,-3,-2,-3,0,-1,0,2,0,2,3,,
36,385MDVINFCMMCUX7JCC0Y5SF32AJWO,https://workersandbox.mturk.com/mturk/preview?groupId=3XLRCUUVLVC37ZX0FXGCVVBP3P5U4D,https://requestersandbox.mturk.com/mturk/manageHITs,Assignable,1,A2EE2N0X2ZPJ5E,3TXMY6UCAFWX73T9ND1A8WTECM3CQL,2023-11-11 12:01:50-08:00,2023-11-11 12:03:43-08:00,"[{""q1"":{""-1"":false,""-2"":true,""-3"":false,""0"":false,""1"":false,""2"":false,""3"":false,""video not playing"":false},""q10"":{""-1"":false,""-2"":false,""-3"":false,""0"":false,""1"":false,""2"":true,""3"":false,""video not playing"":false},""q2"":{""-1"":false,""-2"":false,""-3"":true,""0"":false,""1"":false,""2"":false,""3"":false,""video not playing"":false},""q3"":{""-1"":true,""-2"":false,""-3"":false,""0"":false,""1"":false,""2"":false,""3"":false,""video not playing"":false},""q4"":{""-1"":false,""-2"":false,""-3"":false,""0"":true,""1"":false,""2"":false,""3"":false,""video not playing"":false},""q5"":{""-1"":false,""-2"":false,""-3"":false,""0"":true,""1"":false,""2"":false,""3"":false,""video not playing"":false},""q6"":{""-1"":false,""-2"":false,""-3"":false,""0"":false,""1"":false,""2"":true,""3"":false,""video not playing"":false},""q7"":{""-1"":true,""-2"":false,""-3"":false,""0"":false,""1"":false,""2"":false,""3"":false,""video not playing"":false},""q8"":{""-1"":false,""-2"":false,""-3"":false,""0"":true,""1"":false,""2"":false,""3"":false,""video not playing"":false},""q9"":{""-1"":false,""-2"":true,""-3"":false,""0"":false,""1"":false,""2"":false,""3"":false,""video not playing"":false},""worker_ip"":""104.142.117.203-false""}]",FALSE,Submitted,-2,-3,-1,0,0,2,-1,0,-2,2,,
37,3P6ENY9P7938KTIC6V50L13SBZ8HIA,https://workersandbox.mturk.com/mturk/preview?groupId=32X1LLNITP6W813ATOL4BQFV3PF3DS,https://requestersandbox.mturk.com/mturk/manageHITs,Assignable,1,A2EE2N0X2ZPJ5E,3QAVNHZ3ENCYNRGYBUXNLF4W2DVALS,2023-11-11 12:04:14-08:00,2023-11-11 12:06:04-08:00,"[{""q1"":{""-1"":false,""-2"":true,""-3"":false,""0"":false,""1"":false,""2"":false,""3"":false,""video not playing"":false},""q10"":{""-1"":false,""-2"":false,""-3"":false,""0"":false,""1"":true,""2"":false,""3"":false,""video not playing"":false},""q2"":{""-1"":false,""-2"":false,""-3"":false,""0"":false,""1"":true,""2"":false,""3"":false,""video not playing"":false},""q3"":{""-1"":false,""-2"":false,""-3"":false,""0"":true,""1"":false,""2"":false,""3"":false,""video not playing"":false},""q4"":{""-1"":false,""-2"":false,""-3"":false,""0"":true,""1"":false,""2"":false,""3"":false,""video not playing"":false},""q5"":{""-1"":false,""-2"":false,""-3"":true,""0"":false,""1"":false,""2"":false,""3"":false,""video not playing"":false},""q6"":{""-1"":false,""-2"":false,""-3"":false,""0"":true,""1"":false,""2"":false,""3"":false,""video not playing"":false},""q7"":{""-1"":true,""-2"":false,""-3"":false,""0"":false,""1"":false,""2"":false,""3"":false,""video not playing"":false},""q8"":{""-1"":false,""-2"":false,""-3"":false,""0"":true,""1"":false,""2"":false,""3"":false,""video not playing"":false},""q9"":{""-1"":false,""-2"":false,""-3"":false,""0"":false,""1"":true,""2"":false,""3"":false,""video not playing"":false},""worker_ip"":""104.142.117.203-false""}]",FALSE,Submitted,-2,1,0,0,-3,0,-1,0,1,1,,
38,3EN4YVUOUCZ11U2XTH8M0O6MC4GJXH,https://workersandbox.mturk.com/mturk/preview?groupId=3PDAEG1VSKXL3I10T2ZM0NH33L0U5I,https://requestersandbox.mturk.com/mturk/manageHITs,Assignable,1,A2EE2N0X2ZPJ5E,39K0FND3AINIT9YJB6Y2LSJL2ILAMU,2023-11-11 12:06:18-08:00,2023-11-11 12:08:12-08:00,"[{""q1"":{""-1"":true,""-2"":false,""-3"":false,""0"":false,""1"":false,""2"":false,""3"":false,""video not playing"":false},""q10"":{""-1"":false,""-2"":false,""-3"":false,""0"":false,""1"":true,""2"":false,""3"":false,""video not playing"":false},""q2"":{""-1"":false,""-2"":true,""-3"":false,""0"":false,""1"":false,""2"":false,""3"":false,""video not playing"":false},""q3"":{""-1"":false,""-2"":false,""-3"":false,""0"":true,""1"":false,""2"":false,""3"":false,""video not playing"":false},""q4"":{""-1"":false,""-2"":false,""-3"":false,""0"":false,""1"":false,""2"":true,""3"":false,""video not playing"":false},""q5"":{""-1"":false,""-2"":false,""-3"":false,""0"":true,""1"":false,""2"":false,""3"":false,""video not playing"":false},""q6"":{""-1"":false,""-2"":true,""-3"":false,""0"":false,""1"":false,""2"":false,""3"":false,""video not playing"":false},""q7"":{""-1"":false,""-2"":false,""-3"":false,""0"":false,""1"":true,""2"":false,""3"":false,""video not playing"":false},""q8"":{""-1"":true,""-2"":false,""-3"":false,""0"":false,""1"":false,""2"":false,""3"":false,""video not playing"":false},""q9"":{""-1"":false,""-2"":false,""-3"":false,""0"":false,""1"":false,""2"":false,""3"":true,""video not playing"":false},""worker_ip"":""104.142.117.203-false""}]",FALSE,Submitted,-1,-2,0,2,0,-2,1,-1,3,1,,
41,388CL5C1RJUAAUQIRY2DDHVKS32HLO,https://workersandbox.mturk.com/mturk/preview?groupId=35BG8P11HILT6LH6KUGUZQIGF2V3F3,https://requestersandbox.mturk.com/mturk/manageHITs,Assignable,1,A2EE2N0X2ZPJ5E,3M1CVSFP61D9EOWB3Z5J213QCJIAQH,2023-11-11 12:11:29-08:00,2023-11-11 12:13:47-08:00,"[{""q1"":{""-1"":false,""-2"":false,""-3"":false,""0"":true,""1"":false,""2"":false,""3"":false,""video not playing"":false},""q10"":{""-1"":false,""-2"":false,""-3"":false,""0"":false,""1"":false,""2"":false,""3"":true,""video not playing"":false},""q2"":{""-1"":false,""-2"":false,""-3"":false,""0"":true,""1"":false,""2"":false,""3"":false,""video not playing"":false},""q3"":{""-1"":false,""-2"":false,""-3"":false,""0"":false,""1"":true,""2"":false,""3"":false,""video not playing"":false},""q4"":{""-1"":false,""-2"":false,""-3"":true,""0"":false,""1"":false,""2"":false,""3"":false,""video not playing"":false},""q5"":{""-1"":false,""-2"":false,""-3"":true,""0"":false,""1"":false,""2"":false,""3"":false,""video not playing"":false},""q6"":{""-1"":false,""-2"":true,""-3"":false,""0"":false,""1"":false,""2"":false,""3"":false,""video not playing"":false},""q7"":{""-1"":false,""-2"":false,""-3"":false,""0"":false,""1"":true,""2"":false,""3"":false,""video not playing"":false},""q8"":{""-1"":false,""-2"":true,""-3"":false,""0"":false,""1"":false,""2"":false,""3"":false,""video not playing"":false},""q9"":{""-1"":false,""-2"":false,""-3"":false,""0"":false,""1"":false,""2"":true,""3"":false,""video not playing"":false},""worker_ip"":""104.142.117.203-false""}]",FALSE,Submitted,0,0,1,-3,-3,-2,1,-2,2,3,,
42,3EQPA8A3743Q6P2CUZW7X9MXK4EJZE,https://workersandbox.mturk.com/mturk/preview?groupId=30YY7N8R2NB0QMFJHVEJY7VZURVU7X,https://requestersandbox.mturk.com/mturk/manageHITs,Assignable,1,A2EE2N0X2ZPJ5E,39JEC7537V9PCBPQ9CVKEJSMTEICVF,2023-11-11 12:13:58-08:00,2023-11-11 12:15:29-08:00,"[{""q1"":{""-1"":false,""-2"":false,""-3"":false,""0"":true,""1"":false,""2"":false,""3"":false,""video not playing"":false},""q10"":{""-1"":false,""-2"":false,""-3"":false,""0"":true,""1"":false,""2"":false,""3"":false,""video not playing"":false},""q2"":{""-1"":false,""-2"":false,""-3"":false,""0"":true,""1"":false,""2"":false,""3"":false,""video not playing"":false},""q3"":{""-1"":false,""-2"":true,""-3"":false,""0"":false,""1"":false,""2"":false,""3"":false,""video not playing"":false},""q4"":{""-1"":false,""-2"":false,""-3"":false,""0"":false,""1"":true,""2"":false,""3"":false,""video not playing"":false},""q5"":{""-1"":false,""-2"":false,""-3"":false,""0"":true,""1"":false,""2"":false,""3"":false,""video not playing"":false},""q6"":{""-1"":false,""-2"":false,""-3"":false,""0"":false,""1"":true,""2"":false,""3"":false,""video not playing"":false},""q7"":{""-1"":false,""-2"":false,""-3"":false,""0"":true,""1"":false,""2"":false,""3"":false,""video not playing"":false},""q8"":{""-1"":false,""-2"":false,""-3"":false,""0"":true,""1"":false,""2"":false,""3"":false,""video not playing"":false},""q9"":{""-1"":false,""-2"":false,""-3"":true,""0"":false,""1"":false,""2"":false,""3"":false,""video not playing"":false},""worker_ip"":""104.142.117.203-false""}]",FALSE,Submitted,0,0,-2,1,0,1,0,0,-3,0,,
43,3XEDXEGFX3VOFO248QJRSPJOHMVK0M,https://workersandbox.mturk.com/mturk/preview?groupId=32K57UXCKJU4Q0K2R06PC7RU5B1U8K,https://requestersandbox.mturk.com/mturk/manageHITs,Assignable,1,A2EE2N0X2ZPJ5E,336YQZE83WMLN3M2GA7LDH3ZA4K5MJ,2023-11-11 12:15:40-08:00,2023-11-11 12:17:05-08:00,"[{""q1"":{""-1"":true,""-2"":false,""-3"":false,""0"":false,""1"":false,""2"":false,""3"":false,""video not playing"":false},""q10"":{""-1"":false,""-2"":false,""-3"":false,""0"":true,""1"":false,""2"":false,""3"":false,""video not playing"":false},""q2"":{""-1"":false,""-2"":true,""-3"":false,""0"":false,""1"":false,""2"":false,""3"":false,""video not playing"":false},""q3"":{""-1"":false,""-2"":true,""-3"":false,""0"":false,""1"":false,""2"":false,""3"":false,""video not playing"":false},""q4"":{""-1"":false,""-2"":false,""-3"":false,""0"":false,""1"":false,""2"":false,""3"":true,""video not playing"":false},""q5"":{""-1"":false,""-2"":false,""-3"":false,""0"":true,""1"":false,""2"":false,""3"":false,""video not playing"":false},""q6"":{""-1"":false,""-2"":true,""-3"":false,""0"":false,""1"":false,""2"":false,""3"":false,""video not playing"":false},""q7"":{""-1"":false,""-2"":false,""-3"":false,""0"":true,""1"":false,""2"":false,""3"":false,""video not playing"":false},""q8"":{""-1"":true,""-2"":false,""-3"":false,""0"":false,""1"":false,""2"":false,""3"":false,""video not playing"":false},""q9"":{""-1"":false,""-2"":false,""-3"":false,""0"":true,""1"":false,""2"":false,""3"":false,""video not playing"":false},""worker_ip"":""104.142.117.203-false""}]",FALSE,Submitted,-1,-2,-2,3,0,-2,0,-1,0,0,,
44,3OB6JN3A9QW756M6NFFMRYCFFHQMRS,https://workersandbox.mturk.com/mturk/preview?groupId=31S093JAJ7JN09O3L9RQLC7WGJ0RWS,https://requestersandbox.mturk.com/mturk/manageHITs,Assignable,1,A2EE2N0X2ZPJ5E,3018Q3ZVOJY9QPBBGEUJ7RDV85KARI,2023-11-11 12:17:16-08:00,2023-11-11 12:19:03-08:00,"[{""q1"":{""-1"":false,""-2"":false,""-3"":false,""0"":false,""1"":true,""2"":false,""3"":false,""video not playing"":false},""q10"":{""-1"":false,""-2"":false,""-3"":false,""0"":true,""1"":false,""2"":false,""3"":false,""video not playing"":false},""q2"":{""-1"":false,""-2"":false,""-3"":false,""0"":true,""1"":false,""2"":false,""3"":false,""video not playing"":false},""q3"":{""-1"":true,""-2"":false,""-3"":false,""0"":false,""1"":false,""2"":false,""3"":false,""video not playing"":false},""q4"":{""-1"":false,""-2"":false,""-3"":true,""0"":false,""1"":false,""2"":false,""3"":false,""video not playing"":false},""q5"":{""-1"":false,""-2"":false,""-3"":false,""0"":false,""1"":true,""2"":false,""3"":false,""video not playing"":false},""q6"":{""-1"":false,""-2"":false,""-3"":false,""0"":false,""1"":true,""2"":false,""3"":false,""video not playing"":false},""q7"":{""-1"":false,""-2"":false,""-3"":false,""0"":false,""1"":false,""2"":false,""3"":true,""video not playing"":false},""q8"":{""-1"":false,""-2"":false,""-3"":false,""0"":false,""1"":true,""2"":false,""3"":false,""video not playing"":false},""q9"":{""-1"":false,""-2"":false,""-3"":true,""0"":false,""1"":false,""2"":false,""3"":false,""video not playing"":false},""worker_ip"":""104.142.117.203-false""}]",FALSE,Submitted,1,0,-1,-3,1,1,3,1,-3,0,,
45,3NSM4HLQNR1YEK5Y2TX33HMFTWLQQI,https://workersandbox.mturk.com/mturk/preview?groupId=3DDOM87YLDVN1Z1QZORPZPP0XVVVTZ,https://requestersandbox.mturk.com/mturk/manageHITs,Assignable,1,A2EE2N0X2ZPJ5E,338JKRMM277W1VX8K9IPTNBPLWMHAS,2023-11-11 12:19:15-08:00,2023-11-11 12:20:51-08:00,"[{""q1"":{""-1"":false,""-2"":false,""-3"":true,""0"":false,""1"":false,""2"":false,""3"":false,""video not playing"":false},""q10"":{""-1"":false,""-2"":false,""-3"":false,""0"":false,""1"":false,""2"":true,""3"":false,""video not playing"":false},""q2"":{""-1"":false,""-2"":false,""-3"":false,""0"":false,""1"":false,""2"":true,""3"":false,""video not playing"":false},""q3"":{""-1"":false,""-2"":false,""-3"":false,""0"":true,""1"":false,""2"":false,""3"":false,""video not playing"":false},""q4"":{""-1"":false,""-2"":false,""-3"":false,""0"":false,""1"":true,""2"":false,""3"":false,""video not playing"":false},""q5"":{""-1"":true,""-2"":false,""-3"":false,""0"":false,""1"":false,""2"":false,""3"":false,""video not playing"":false},""q6"":{""-1"":false,""-2"":false,""-3"":false,""0"":false,""1"":false,""2"":true,""3"":false,""video not playing"":false},""q7"":{""-1"":false,""-2"":true,""-3"":false,""0"":false,""1"":false,""2"":false,""3"":false,""video not playing"":false},""q8"":{""-1"":false,""-2"":false,""-3"":false,""0"":true,""1"":false,""2"":false,""3"":false,""video not playing"":false},""q9"":{""-1"":false,""-2"":true,""-3"":false,""0"":false,""1"":false,""2"":false,""3"":false,""video not playing"":false},""worker_ip"":""104.142.117.203-false""}]",FALSE,Submitted,-3,2,0,1,-1,2,-2,0,-2,2,,
46,31SIZS5W59MYQLKYF8M387WKPINQRJ,https://workersandbox.mturk.com/mturk/preview?groupId=38O8SQPJLPW21CGFZTHZ4LB2G92VUQ,https://requestersandbox.mturk.com/mturk/manageHITs,Assignable,1,A2EE2N0X2ZPJ5E,3Z7EFSHGNAMHG0UL9RW224P79PQCXI,2023-11-11 12:21:02-08:00,2023-11-11 12:23:12-08:00,"[{""q1"":{""-1"":false,""-2"":false,""-3"":false,""0"":false,""1"":false,""2"":false,""3"":true,""video not playing"":false},""q10"":{""-1"":false,""-2"":false,""-3"":false,""0"":false,""1"":false,""2"":false,""3"":true,""video not playing"":false},""q2"":{""-1"":false,""-2"":false,""-3"":false,""0"":true,""1"":false,""2"":false,""3"":false,""video not playing"":false},""q3"":{""-1"":false,""-2"":false,""-3"":false,""0"":false,""1"":false,""2"":true,""3"":false,""video not playing"":false},""q4"":{""-1"":false,""-2"":false,""-3"":false,""0"":false,""1"":true,""2"":false,""3"":false,""video not playing"":false},""q5"":{""-1"":false,""-2"":false,""-3"":false,""0"":true,""1"":false,""2"":false,""3"":false,""video not playing"":false},""q6"":{""-1"":true,""-2"":false,""-3"":false,""0"":false,""1"":false,""2"":false,""3"":false,""video not playing"":false},""q7"":{""-1"":false,""-2"":false,""-3"":false,""0"":true,""1"":false,""2"":false,""3"":false,""video not playing"":false},""q8"":{""-1"":false,""-2"":true,""-3"":false,""0"":false,""1"":false,""2"":false,""3"":false,""video not playing"":false},""q9"":{""-1"":false,""-2"":false,""-3"":false,""0"":false,""1"":false,""2"":false,""3"":true,""video not playing"":false},""worker_ip"":""104.142.117.203-false""}]",FALSE,Submitted,3,0,2,1,0,-1,0,-2,3,3,,
47,3DA79LNS592JZZROLMF2VE4R3B6T3W,https://workersandbox.mturk.com/mturk/preview?groupId=3EI427GH2WOMLQ4Z1M3FFENV0KZ0VT,https://requestersandbox.mturk.com/mturk/manageHITs,Assignable,1,A2EE2N0X2ZPJ5E,37UQDCYH6Y3J0UUUIVN9YX08S3R7VH,2023-11-11 12:23:23-08:00,2023-11-11 12:25:08-08:00,"[{""q1"":{""-1"":false,""-2"":false,""-3"":true,""0"":false,""1"":false,""2"":false,""3"":false,""video not playing"":false},""q10"":{""-1"":false,""-2"":false,""-3"":true,""0"":false,""1"":false,""2"":false,""3"":false,""video not playing"":false},""q2"":{""-1"":false,""-2"":false,""-3"":false,""0"":true,""1"":false,""2"":false,""3"":false,""video not playing"":false},""q3"":{""-1"":false,""-2"":false,""-3"":false,""0"":true,""1"":false,""2"":false,""3"":false,""video not playing"":false},""q4"":{""-1"":false,""-2"":true,""-3"":false,""0"":false,""1"":false,""2"":false,""3"":false,""video not playing"":false},""q5"":{""-1"":false,""-2"":false,""-3"":false,""0"":true,""1"":false,""2"":false,""3"":false,""video not playing"":false},""q6"":{""-1"":false,""-2"":false,""-3"":false,""0"":true,""1"":false,""2"":false,""3"":false,""video not playing"":false},""q7"":{""-1"":false,""-2"":true,""-3"":false,""0"":false,""1"":false,""2"":false,""3"":false,""video not playing"":false},""q8"":{""-1"":true,""-2"":false,""-3"":false,""0"":false,""1"":false,""2"":false,""3"":false,""video not playing"":false},""q9"":{""-1"":false,""-2"":false,""-3"":false,""0"":true,""1"":false,""2"":false,""3"":false,""video not playing"":false},""worker_ip"":""104.142.117.203-false""}]",FALSE,Submitted,-3,0,0,-2,0,0,-2,-1,0,-3,,
48,3K2CEDRACB8KLLZYR4KHRDDX32NMT5,https://workersandbox.mturk.com/mturk/preview?groupId=37AIU3VBY7W2P9TTVENCNVL3PL6RXL,https://requestersandbox.mturk.com/mturk/manageHITs,Assignable,1,A2EE2N0X2ZPJ5E,3R3YRB5GRGB16H3SK8POC20FF4OAUM,2023-11-11 12:25:19-08:00,2023-11-11 12:27:32-08:00,"[{""q1"":{""-1"":false,""-2"":true,""-3"":false,""0"":false,""1"":false,""2"":false,""3"":false,""video not playing"":false},""q10"":{""-1"":false,""-2"":false,""-3"":false,""0"":false,""1"":true,""2"":false,""3"":false,""video not playing"":false},""q2"":{""-1"":false,""-2"":false,""-3"":false,""0"":true,""1"":false,""2"":false,""3"":false,""video not playing"":false},""q3"":{""-1"":false,""-2"":false,""-3"":false,""0"":true,""1"":false,""2"":false,""3"":false,""video not playing"":false},""q4"":{""-1"":false,""-2"":false,""-3"":true,""0"":false,""1"":false,""2"":false,""3"":false,""video not playing"":false},""q5"":{""-1"":false,""-2"":false,""-3"":true,""0"":false,""1"":false,""2"":false,""3"":false,""video not playing"":false},""q6"":{""-1"":false,""-2"":false,""-3"":false,""0"":false,""1"":true,""2"":false,""3"":false,""video not playing"":false},""q7"":{""-1"":true,""-2"":false,""-3"":false,""0"":false,""1"":false,""2"":false,""3"":false,""video not playing"":false},""q8"":{""-1"":true,""-2"":false,""-3"":false,""0"":false,""1"":false,""2"":false,""3"":false,""video not playing"":false},""q9"":{""-1"":false,""-2"":true,""-3"":false,""0"":false,""1"":false,""2"":false,""3"":false,""video not playing"":false},""worker_ip"":""104.142.117.203-false""}]",FALSE,Submitted,-2,0,0,-3,-3,1,-1,-1,-2,1,,
50,3IKMEYR0LW2VBY5INDN5BDC3EKFK26,https://workersandbox.mturk.com/mturk/preview?groupId=3VRC340QZ6YI9ODHOYQ38YXPVZ1UAO,https://requestersandbox.mturk.com/mturk/manageHITs,Assignable,1,A2EE2N0X2ZPJ5E,3ZPBJO59KQ9UZ20K4J9RJOJV6ZJHDU,2023-11-11 12:29:36-08:00,2023-11-11 12:31:10-08:00,"[{""q1"":{""-1"":false,""-2"":false,""-3"":false,""0"":true,""1"":false,""2"":false,""3"":false,""video not playing"":false},""q10"":{""-1"":false,""-2"":false,""-3"":false,""0"":false,""1"":true,""2"":false,""3"":false,""video not playing"":false},""q2"":{""-1"":false,""-2"":false,""-3"":true,""0"":false,""1"":false,""2"":false,""3"":false,""video not playing"":false},""q3"":{""-1"":false,""-2"":false,""-3"":false,""0"":true,""1"":false,""2"":false,""3"":false,""video not playing"":false},""q4"":{""-1"":false,""-2"":true,""-3"":false,""0"":false,""1"":false,""2"":false,""3"":false,""video not playing"":false},""q5"":{""-1"":false,""-2"":false,""-3"":false,""0"":false,""1"":false,""2"":false,""3"":true,""video not playing"":false},""q6"":{""-1"":false,""-2"":true,""-3"":false,""0"":false,""1"":false,""2"":false,""3"":false,""video not playing"":false},""q7"":{""-1"":false,""-2"":false,""-3"":false,""0"":true,""1"":false,""2"":false,""3"":false,""video not playing"":false},""q8"":{""-1"":false,""-2"":false,""-3"":false,""0"":true,""1"":false,""2"":false,""3"":false,""video not playing"":false},""q9"":{""-1"":true,""-2"":false,""-3"":false,""0"":false,""1"":false,""2"":false,""3"":false,""video not playing"":false},""worker_ip"":""104.142.117.203-false""}]",FALSE,Submitted,0,-3,0,-2,3,-2,0,0,-1,1,,
51,39WSF6KUV2S6W52DEPAZKV21VSFOEW,https://workersandbox.mturk.com/mturk/preview?groupId=3JOPS26JUGIH7VZORWB81S1CQF6Y7Z,https://requestersandbox.mturk.com/mturk/manageHITs,Assignable,1,A2EE2N0X2ZPJ5E,32N49TQG3HQ1JWSSPYZT8O2YTBXAVB,2023-11-11 12:31:22-08:00,2023-11-11 12:33:00-08:00,"[{""q1"":{""-1"":false,""-2"":false,""-3"":false,""0"":true,""1"":false,""2"":false,""3"":false,""video not playing"":false},""q10"":{""-1"":false,""-2"":false,""-3"":false,""0"":true,""1"":false,""2"":false,""3"":false,""video not playing"":false},""q2"":{""-1"":false,""-2"":false,""-3"":false,""0"":false,""1"":false,""2"":true,""3"":false,""video not playing"":false},""q3"":{""-1"":false,""-2"":false,""-3"":false,""0"":true,""1"":false,""2"":false,""3"":false,""video not playing"":false},""q4"":{""-1"":false,""-2"":false,""-3"":true,""0"":false,""1"":false,""2"":false,""3"":false,""video not playing"":false},""q5"":{""-1"":false,""-2"":false,""-3"":false,""0"":true,""1"":false,""2"":false,""3"":false,""video not playing"":false},""q6"":{""-1"":false,""-2"":false,""-3"":false,""0"":false,""1"":true,""2"":false,""3"":false,""video not playing"":false},""q7"":{""-1"":false,""-2"":false,""-3"":false,""0"":false,""1"":false,""2"":true,""3"":false,""video not playing"":false},""q8"":{""-1"":false,""-2"":false,""-3"":false,""0"":false,""1"":true,""2"":false,""3"":false,""video not playing"":false},""q9"":{""-1"":false,""-2"":false,""-3"":true,""0"":false,""1"":false,""2"":false,""3"":false,""video not playing"":false},""worker_ip"":""104.142.117.203-false""}]",FALSE,Submitted,0,2,0,-3,0,1,2,1,-3,0,,
52,329E6HTMSW9KWG11RD1AUNHVKYFK3H,https://workersandbox.mturk.com/mturk/preview?groupId=3VY1OMW936CNSYI9UCQZ39HVDHMUBJ,https://requestersandbox.mturk.com/mturk/manageHITs,Assignable,1,A2EE2N0X2ZPJ5E,3EKVH9QMEZCQKCX2LY6KWKDTHG1D28,2023-11-11 12:33:12-08:00,2023-11-11 12:34:51-08:00,"[{""q1"":{""-1"":false,""-2"":false,""-3"":true,""0"":false,""1"":false,""2"":false,""3"":false,""video not playing"":false},""q10"":{""-1"":false,""-2"":false,""-3"":true,""0"":false,""1"":false,""2"":false,""3"":false,""video not playing"":false},""q2"":{""-1"":false,""-2"":false,""-3"":false,""0"":true,""1"":false,""2"":false,""3"":false,""video not playing"":false},""q3"":{""-1"":false,""-2"":true,""-3"":false,""0"":false,""1"":false,""2"":false,""3"":false,""video not playing"":false},""q4"":{""-1"":false,""-2"":true,""-3"":false,""0"":false,""1"":false,""2"":false,""3"":false,""video not playing"":false},""q5"":{""-1"":false,""-2"":false,""-3"":false,""0"":false,""1"":false,""2"":false,""3"":true,""video not playing"":false},""q6"":{""-1"":true,""-2"":false,""-3"":false,""0"":false,""1"":false,""2"":false,""3"":false,""video not playing"":false},""q7"":{""-1"":false,""-2"":false,""-3"":false,""0"":true,""1"":false,""2"":false,""3"":false,""video not playing"":false},""q8"":{""-1"":true,""-2"":false,""-3"":false,""0"":false,""1"":false,""2"":false,""3"":false,""video not playing"":false},""q9"":{""-1"":false,""-2"":false,""-3"":false,""0"":false,""1"":false,""2"":true,""3"":false,""video not playing"":false},""worker_ip"":""104.142.117.203-false""}]",FALSE,Submitted,-3,0,-2,-2,3,-1,0,-1,2,-3,,
53,3FDWKV9VCN9ZLYENR9ARW9ZZMGUMUW,https://workersandbox.mturk.com/mturk/preview?groupId=3PS3UFWQYKBRPEJ30A9E69SCRR0RYR,https://requestersandbox.mturk.com/mturk/manageHITs,Assignable,1,A2EE2N0X2ZPJ5E,3YJ6NA41JCOZF5Y0XS37VVGZXAQJPF,2023-11-11 12:35:02-08:00,2023-11-11 12:37:10-08:00,"[{""q1"":{""-1"":false,""-2"":false,""-3"":false,""0"":true,""1"":false,""2"":false,""3"":false,""video not playing"":false},""q10"":{""-1"":true,""-2"":false,""-3"":false,""0"":false,""1"":false,""2"":false,""3"":false,""video not playing"":false},""q2"":{""-1"":false,""-2"":false,""-3"":false,""0"":true,""1"":false,""2"":false,""3"":false,""video not playing"":false},""q3"":{""-1"":false,""-2"":false,""-3"":false,""0"":false,""1"":true,""2"":false,""3"":false,""video not playing"":false},""q4"":{""-1"":false,""-2"":false,""-3"":true,""0"":false,""1"":false,""2"":false,""3"":false,""video not playing"":false},""q5"":{""-1"":false,""-2"":false,""-3"":false,""0"":true,""1"":false,""2"":false,""3"":false,""video not playing"":false},""q6"":{""-1"":false,""-2"":false,""-3"":true,""0"":false,""1"":false,""2"":false,""3"":false,""video not playing"":false},""q7"":{""-1"":false,""-2"":false,""-3"":false,""0"":false,""1"":false,""2"":false,""3"":true,""video not playing"":false},""q8"":{""-1"":false,""-2"":false,""-3"":true,""0"":false,""1"":false,""2"":false,""3"":false,""video not playing"":false},""q9"":{""-1"":false,""-2"":false,""-3"":false,""0"":true,""1"":false,""2"":false,""3"":false,""video not playing"":false},""worker_ip"":""104.142.117.203-false""}]",FALSE,Submitted,0,0,1,-3,0,-3,3,-3,0,-1,,