"ICC","Number_of_workers"
"0.38","43"
"0.39","43"
"0.37","43"
"0.37","43"
"0.39","43"
"0.39","43"
"0.4","43"
"0.39","43"
"0.38","43"
"0.39","43"
"0.39","43"
"0.39","43"
"0.38","43"
"0.39","43"
"0.39","43"
"0.38","43"
"0.37","43"
"0.39","43"
"0.38","43"
"0.38","43"
"0.37","43"
"0.36","43"
"0.37","43"
"0.37","43"
"0.38","43"
"0.37","43"
"0.38","43"
"0.38","43"
"0.37","43"
"0.37","43"
"0.38","43"
"0.39","43"
"0.37","43"
"0.39","43"
"0.38","43"
"0.37","43"
"0.38","43"
"0.36","43"
"0.38","43"
"0.39","43"
"0.37","43"
"0.37","43"
"0.37","43"
"0.38","43"
"0.38","43"
"0.38","43"
"0.38","43"
"0.37","43"
"0.38","43"
"0.38","43"
"0.37","43"
"0.39","43"
"0.38","43"
"0.39","43"
"0.38","43"
"0.39","43"
"0.38","43"
"0.36","43"
"0.38","43"
"0.38","43"
"0.37","43"
"0.37","43"
"0.38","43"
"0.38","43"
"0.38","43"
"0.38","43"
"0.37","43"
"0.38","43"
"0.39","43"
"0.37","43"
"0.38","43"
"0.39","43"
"0.38","43"
"0.38","43"
"0.37","43"
"0.38","43"
"0.37","43"
"0.38","43"
"0.39","43"
"0.38","43"
"0.37","43"
"0.38","43"
"0.38","43"
"0.37","43"
"0.36","43"
"0.38","43"
"0.38","43"
"0.38","43"
"0.37","43"
"0.39","43"
"0.37","43"
"0.36","43"
"0.38","43"
"0.37","43"
"0.37","43"
"0.38","43"
"0.38","43"
"0.38","43"
"0.39","43"
"0.37","43"
"0.39","42"
"0.37","42"
"0.39","42"
"0.37","42"
"0.36","42"
"0.38","42"
"0.37","42"
"0.37","42"
"0.38","42"
"0.38","42"
"0.38","42"
"0.37","42"
"0.37","42"
"0.38","42"
"0.39","42"
"0.38","42"
"0.37","42"
"0.39","42"
"0.4","42"
"0.37","42"
"0.38","42"
"0.37","42"
"0.38","42"
"0.38","42"
"0.38","42"
"0.37","42"
"0.38","42"
"0.37","42"
"0.38","42"
"0.36","42"
"0.39","42"
"0.39","42"
"0.39","42"
"0.39","42"
"0.39","42"
"0.38","42"
"0.39","42"
"0.37","42"
"0.36","42"
"0.38","42"
"0.37","42"
"0.38","42"
"0.37","42"
"0.38","42"
"0.38","42"
"0.37","42"
"0.37","42"
"0.39","42"
"0.38","42"
"0.38","42"
"0.36","42"
"0.37","42"
"0.38","42"
"0.37","42"
"0.39","42"
"0.37","42"
"0.37","42"
"0.38","42"
"0.39","42"
"0.39","42"
"0.38","42"
"0.38","42"
"0.38","42"
"0.39","42"
"0.38","42"
"0.37","42"
"0.37","42"
"0.37","42"
"0.38","42"
"0.39","42"
"0.37","42"
"0.37","42"
"0.37","42"
"0.38","42"
"0.37","42"
"0.38","42"
"0.38","42"
"0.38","42"
"0.37","42"
"0.38","42"
"0.37","42"
"0.38","42"
"0.36","42"
"0.37","42"
"0.38","42"
"0.38","42"
"0.37","42"
"0.39","42"
"0.39","42"
"0.38","42"
"0.38","42"
"0.38","42"
"0.37","42"
"0.38","42"
"0.36","42"
"0.39","42"
"0.37","42"
"0.38","42"
"0.38","42"
"0.38","42"
"0.38","41"
"0.36","41"
"0.39","41"
"0.37","41"
"0.39","41"
"0.38","41"
"0.37","41"
"0.38","41"
"0.39","41"
"0.36","41"
"0.39","41"
"0.38","41"
"0.38","41"
"0.35","41"
"0.39","41"
"0.38","41"
"0.38","41"
"0.37","41"
"0.38","41"
"0.37","41"
"0.38","41"
"0.38","41"
"0.36","41"
"0.37","41"
"0.38","41"
"0.38","41"
"0.39","41"
"0.38","41"
"0.35","41"
"0.38","41"
"0.37","41"
"0.37","41"
"0.39","41"
"0.37","41"
"0.38","41"
"0.38","41"
"0.37","41"
"0.37","41"
"0.38","41"
"0.39","41"
"0.37","41"
"0.38","41"
"0.39","41"
"0.37","41"
"0.38","41"
"0.38","41"
"0.37","41"
"0.39","41"
"0.39","41"
"0.37","41"
"0.37","41"
"0.38","41"
"0.36","41"
"0.35","41"
"0.37","41"
"0.37","41"
"0.37","41"
"0.38","41"
"0.37","41"
"0.38","41"
"0.38","41"
"0.38","41"
"0.36","41"
"0.37","41"
"0.39","41"
"0.39","41"
"0.37","41"
"0.37","41"
"0.37","41"
"0.38","41"
"0.37","41"
"0.38","41"
"0.38","41"
"0.38","41"
"0.36","41"
"0.37","41"
"0.37","41"
"0.38","41"
"0.36","41"
"0.39","41"
"0.38","41"
"0.37","41"
"0.37","41"
"0.37","41"
"0.37","41"
"0.38","41"
"0.37","41"
"0.36","41"
"0.39","41"
"0.4","41"
"0.37","41"
"0.38","41"
"0.37","41"
"0.37","41"
"0.38","41"
"0.37","41"
"0.37","41"
"0.37","41"
"0.39","41"
"0.37","41"
"0.37","40"
"0.38","40"
"0.39","40"
"0.37","40"
"0.37","40"
"0.36","40"
"0.38","40"
"0.38","40"
"0.39","40"
"0.39","40"
"0.37","40"
"0.39","40"
"0.37","40"
"0.4","40"
"0.38","40"
"0.37","40"
"0.36","40"
"0.37","40"
"0.38","40"
"0.39","40"
"0.38","40"
"0.37","40"
"0.39","40"
"0.4","40"
"0.38","40"
"0.4","40"
"0.38","40"
"0.39","40"
"0.37","40"
"0.4","40"
"0.39","40"
"0.38","40"
"0.36","40"
"0.38","40"
"0.37","40"
"0.37","40"
"0.39","40"
"0.38","40"
"0.39","40"
"0.38","40"
"0.36","40"
"0.39","40"
"0.36","40"
"0.37","40"
"0.41","40"
"0.38","40"
"0.38","40"
"0.39","40"
"0.35","40"
"0.37","40"
"0.36","40"
"0.39","40"
"0.37","40"
"0.38","40"
"0.36","40"
"0.39","40"
"0.38","40"
"0.36","40"
"0.37","40"
"0.38","40"
"0.37","40"
"0.39","40"
"0.38","40"
"0.37","40"
"0.38","40"
"0.39","40"
"0.4","40"
"0.36","40"
"0.41","40"
"0.38","40"
"0.38","40"
"0.38","40"
"0.4","40"
"0.37","40"
"0.37","40"
"0.37","40"
"0.38","40"
"0.37","40"
"0.38","40"
"0.38","40"
"0.36","40"
"0.37","40"
"0.36","40"
"0.38","40"
"0.37","40"
"0.37","40"
"0.37","40"
"0.37","40"
"0.38","40"
"0.39","40"
"0.38","40"
"0.36","40"
"0.38","40"
"0.4","40"
"0.37","40"
"0.38","40"
"0.38","40"
"0.38","40"
"0.4","40"
"0.39","40"
"0.37","39"
"0.36","39"
"0.37","39"
"0.39","39"
"0.38","39"
"0.39","39"
"0.37","39"
"0.38","39"
"0.37","39"
"0.38","39"
"0.4","39"
"0.38","39"
"0.39","39"
"0.39","39"
"0.38","39"
"0.37","39"
"0.35","39"
"0.38","39"
"0.35","39"
"0.36","39"
"0.39","39"
"0.38","39"
"0.38","39"
"0.37","39"
"0.37","39"
"0.37","39"
"0.38","39"
"0.38","39"
"0.38","39"
"0.38","39"
"0.4","39"
"0.39","39"
"0.37","39"
"0.39","39"
"0.4","39"
"0.37","39"
"0.38","39"
"0.41","39"
"0.4","39"
"0.36","39"
"0.39","39"
"0.4","39"
"0.37","39"
"0.38","39"
"0.38","39"
"0.37","39"
"0.37","39"
"0.37","39"
"0.4","39"
"0.41","39"
"0.39","39"
"0.38","39"
"0.38","39"
"0.37","39"
"0.37","39"
"0.4","39"
"0.37","39"
"0.39","39"
"0.37","39"
"0.38","39"
"0.36","39"
"0.37","39"
"0.39","39"
"0.37","39"
"0.38","39"
"0.39","39"
"0.39","39"
"0.37","39"
"0.37","39"
"0.39","39"
"0.37","39"
"0.39","39"
"0.36","39"
"0.36","39"
"0.37","39"
"0.38","39"
"0.39","39"
"0.36","39"
"0.4","39"
"0.39","39"
"0.37","39"
"0.38","39"
"0.36","39"
"0.39","39"
"0.37","39"
"0.37","39"
"0.37","39"
"0.36","39"
"0.38","39"
"0.39","39"
"0.39","39"
"0.36","39"
"0.37","39"
"0.37","39"
"0.35","39"
"0.36","39"
"0.36","39"
"0.39","39"
"0.37","39"
"0.36","39"
"0.39","38"
"0.36","38"
"0.38","38"
"0.38","38"
"0.38","38"
"0.38","38"
"0.37","38"
"0.37","38"
"0.37","38"
"0.38","38"
"0.39","38"
"0.41","38"
"0.37","38"
"0.39","38"
"0.36","38"
"0.39","38"
"0.38","38"
"0.39","38"
"0.36","38"
"0.36","38"
"0.38","38"
"0.36","38"
"0.39","38"
"0.37","38"
"0.37","38"
"0.38","38"
"0.38","38"
"0.39","38"
"0.4","38"
"0.36","38"
"0.36","38"
"0.35","38"
"0.38","38"
"0.38","38"
"0.35","38"
"0.38","38"
"0.38","38"
"0.4","38"
"0.37","38"
"0.38","38"
"0.38","38"
"0.39","38"
"0.37","38"
"0.37","38"
"0.38","38"
"0.38","38"
"0.38","38"
"0.37","38"
"0.38","38"
"0.39","38"
"0.37","38"
"0.37","38"
"0.38","38"
"0.37","38"
"0.4","38"
"0.38","38"
"0.38","38"
"0.36","38"
"0.38","38"
"0.39","38"
"0.4","38"
"0.37","38"
"0.38","38"
"0.38","38"
"0.38","38"
"0.37","38"
"0.37","38"
"0.37","38"
"0.38","38"
"0.39","38"
"0.38","38"
"0.38","38"
"0.39","38"
"0.39","38"
"0.38","38"
"0.38","38"
"0.36","38"
"0.36","38"
"0.38","38"
"0.38","38"
"0.38","38"
"0.4","38"
"0.37","38"
"0.39","38"
"0.39","38"
"0.37","38"
"0.37","38"
"0.38","38"
"0.38","38"
"0.36","38"
"0.38","38"
"0.4","38"
"0.39","38"
"0.37","38"
"0.37","38"
"0.38","38"
"0.38","38"
"0.38","38"
"0.39","38"
"0.36","38"
"0.36","37"
"0.36","37"
"0.39","37"
"0.38","37"
"0.36","37"
"0.38","37"
"0.39","37"
"0.38","37"
"0.38","37"
"0.37","37"
"0.39","37"
"0.38","37"
"0.39","37"
"0.37","37"
"0.37","37"
"0.38","37"
"0.39","37"
"0.37","37"
"0.39","37"
"0.39","37"
"0.39","37"
"0.39","37"
"0.38","37"
"0.37","37"
"0.36","37"
"0.35","37"
"0.37","37"
"0.33","37"
"0.37","37"
"0.37","37"
"0.4","37"
"0.36","37"
"0.38","37"
"0.38","37"
"0.38","37"
"0.37","37"
"0.37","37"
"0.36","37"
"0.4","37"
"0.39","37"
"0.39","37"
"0.38","37"
"0.36","37"
"0.36","37"
"0.34","37"
"0.4","37"
"0.39","37"
"0.37","37"
"0.35","37"
"0.36","37"
"0.36","37"
"0.38","37"
"0.4","37"
"0.39","37"
"0.37","37"
"0.35","37"
"0.39","37"
"0.38","37"
"0.38","37"
"0.4","37"
"0.35","37"
"0.4","37"
"0.35","37"
"0.38","37"
"0.38","37"
"0.39","37"
"0.38","37"
"0.37","37"
"0.37","37"
"0.4","37"
"0.37","37"
"0.38","37"
"0.37","37"
"0.38","37"
"0.38","37"
"0.39","37"
"0.36","37"
"0.37","37"
"0.35","37"
"0.37","37"
"0.37","37"
"0.38","37"
"0.37","37"
"0.37","37"
"0.37","37"
"0.38","37"
"0.37","37"
"0.38","37"
"0.37","37"
"0.38","37"
"0.36","37"
"0.38","37"
"0.38","37"
"0.36","37"
"0.4","37"
"0.4","37"
"0.36","37"
"0.36","37"
"0.37","37"
"0.37","37"
"0.4","36"
"0.37","36"
"0.39","36"
"0.36","36"
"0.35","36"
"0.37","36"
"0.36","36"
"0.39","36"
"0.38","36"
"0.38","36"
"0.37","36"
"0.4","36"
"0.34","36"
"0.37","36"
"0.36","36"
"0.35","36"
"0.35","36"
"0.4","36"
"0.38","36"
"0.35","36"
"0.36","36"
"0.36","36"
"0.39","36"
"0.38","36"
"0.37","36"
"0.39","36"
"0.4","36"
"0.37","36"
"0.38","36"
"0.35","36"
"0.38","36"
"0.4","36"
"0.38","36"
"0.39","36"
"0.38","36"
"0.4","36"
"0.37","36"
"0.36","36"
"0.37","36"
"0.37","36"
"0.37","36"
"0.35","36"
"0.37","36"
"0.36","36"
"0.39","36"
"0.38","36"
"0.36","36"
"0.35","36"
"0.38","36"
"0.34","36"
"0.34","36"
"0.37","36"
"0.38","36"
"0.37","36"
"0.38","36"
"0.38","36"
"0.37","36"
"0.37","36"
"0.39","36"
"0.37","36"
"0.4","36"
"0.36","36"
"0.4","36"
"0.38","36"
"0.37","36"
"0.39","36"
"0.39","36"
"0.36","36"
"0.36","36"
"0.36","36"
"0.38","36"
"0.39","36"
"0.36","36"
"0.35","36"
"0.34","36"
"0.38","36"
"0.37","36"
"0.38","36"
"0.37","36"
"0.39","36"
"0.37","36"
"0.34","36"
"0.38","36"
"0.38","36"
"0.4","36"
"0.36","36"
"0.36","36"
"0.36","36"
"0.37","36"
"0.36","36"
"0.4","36"
"0.39","36"
"0.38","36"
"0.35","36"
"0.38","36"
"0.36","36"
"0.4","36"
"0.36","36"
"0.38","36"
"0.37","36"
"0.36","35"
"0.39","35"
"0.38","35"
"0.38","35"
"0.37","35"
"0.36","35"
"0.38","35"
"0.38","35"
"0.37","35"
"0.37","35"
"0.37","35"
"0.35","35"
"0.37","35"
"0.36","35"
"0.35","35"
"0.38","35"
"0.34","35"
"0.37","35"
"0.4","35"
"0.37","35"
"0.39","35"
"0.38","35"
"0.37","35"
"0.38","35"
"0.38","35"
"0.39","35"
"0.42","35"
"0.37","35"
"0.4","35"
"0.35","35"
"0.36","35"
"0.37","35"
"0.34","35"
"0.36","35"
"0.37","35"
"0.37","35"
"0.39","35"
"0.36","35"
"0.35","35"
"0.39","35"
"0.41","35"
"0.41","35"
"0.35","35"
"0.37","35"
"0.37","35"
"0.38","35"
"0.41","35"
"0.36","35"
"0.41","35"
"0.38","35"
"0.39","35"
"0.39","35"
"0.4","35"
"0.36","35"
"0.39","35"
"0.36","35"
"0.39","35"
"0.4","35"
"0.36","35"
"0.36","35"
"0.37","35"
"0.37","35"
"0.38","35"
"0.37","35"
"0.36","35"
"0.37","35"
"0.38","35"
"0.38","35"
"0.4","35"
"0.38","35"
"0.36","35"
"0.39","35"
"0.38","35"
"0.37","35"
"0.37","35"
"0.37","35"
"0.39","35"
"0.37","35"
"0.37","35"
"0.37","35"
"0.38","35"
"0.37","35"
"0.35","35"
"0.38","35"
"0.39","35"
"0.38","35"
"0.37","35"
"0.4","35"
"0.38","35"
"0.39","35"
"0.36","35"
"0.35","35"
"0.37","35"
"0.38","35"
"0.37","35"
"0.4","35"
"0.38","35"
"0.38","35"
"0.35","35"
"0.4","35"
"0.37","34"
"0.4","34"
"0.4","34"
"0.37","34"
"0.32","34"
"0.37","34"
"0.38","34"
"0.36","34"
"0.36","34"
"0.37","34"
"0.36","34"
"0.39","34"
"0.38","34"
"0.35","34"
"0.37","34"
"0.39","34"
"0.39","34"
"0.38","34"
"0.35","34"
"0.38","34"
"0.36","34"
"0.38","34"
"0.4","34"
"0.36","34"
"0.41","34"
"0.41","34"
"0.36","34"
"0.38","34"
"0.37","34"
"0.39","34"
"0.36","34"
"0.36","34"
"0.36","34"
"0.37","34"
"0.38","34"
"0.38","34"
"0.38","34"
"0.36","34"
"0.38","34"
"0.39","34"
"0.36","34"
"0.37","34"
"0.37","34"
"0.4","34"
"0.37","34"
"0.36","34"
"0.35","34"
"0.36","34"
"0.35","34"
"0.38","34"
"0.37","34"
"0.37","34"
"0.33","34"
"0.4","34"
"0.4","34"
"0.37","34"
"0.35","34"
"0.35","34"
"0.38","34"
"0.37","34"
"0.36","34"
"0.38","34"
"0.4","34"
"0.39","34"
"0.35","34"
"0.4","34"
"0.4","34"
"0.37","34"
"0.37","34"
"0.35","34"
"0.4","34"
"0.39","34"
"0.38","34"
"0.36","34"
"0.36","34"
"0.36","34"
"0.36","34"
"0.38","34"
"0.37","34"
"0.37","34"
"0.36","34"
"0.37","34"
"0.37","34"
"0.39","34"
"0.38","34"
"0.36","34"
"0.37","34"
"0.35","34"
"0.38","34"
"0.37","34"
"0.38","34"
"0.36","34"
"0.35","34"
"0.4","34"
"0.38","34"
"0.38","34"
"0.33","34"
"0.41","34"
"0.38","34"
"0.36","34"
"0.38","33"
"0.38","33"
"0.38","33"
"0.38","33"
"0.37","33"
"0.34","33"
"0.36","33"
"0.36","33"
"0.38","33"
"0.39","33"
"0.37","33"
"0.37","33"
"0.37","33"
"0.36","33"
"0.38","33"
"0.35","33"
"0.39","33"
"0.38","33"
"0.35","33"
"0.34","33"
"0.36","33"
"0.39","33"
"0.38","33"
"0.37","33"
"0.37","33"
"0.36","33"
"0.35","33"
"0.38","33"
"0.39","33"
"0.39","33"
"0.35","33"
"0.35","33"
"0.38","33"
"0.36","33"
"0.38","33"
"0.4","33"
"0.36","33"
"0.33","33"
"0.34","33"
"0.35","33"
"0.35","33"
"0.33","33"
"0.39","33"
"0.38","33"
"0.39","33"
"0.37","33"
"0.41","33"
"0.39","33"
"0.37","33"
"0.37","33"
"0.38","33"
"0.39","33"
"0.4","33"
"0.39","33"
"0.39","33"
"0.41","33"
"0.34","33"
"0.36","33"
"0.36","33"
"0.39","33"
"0.39","33"
"0.39","33"
"0.4","33"
"0.39","33"
"0.38","33"
"0.36","33"
"0.37","33"
"0.37","33"
"0.41","33"
"0.38","33"
"0.37","33"
"0.38","33"
"0.35","33"
"0.37","33"
"0.38","33"
"0.4","33"
"0.39","33"
"0.37","33"
"0.33","33"
"0.39","33"
"0.35","33"
"0.37","33"
"0.37","33"
"0.38","33"
"0.41","33"
"0.39","33"
"0.35","33"
"0.38","33"
"0.38","33"
"0.36","33"
"0.35","33"
"0.35","33"
"0.41","33"
"0.41","33"
"0.34","33"
"0.36","33"
"0.38","33"
"0.37","33"
"0.39","33"
"0.35","33"
"0.38","32"
"0.38","32"
"0.4","32"
"0.4","32"
"0.39","32"
"0.39","32"
"0.37","32"
"0.38","32"
"0.36","32"
"0.37","32"
"0.34","32"
"0.39","32"
"0.36","32"
"0.38","32"
"0.4","32"
"0.37","32"
"0.37","32"
"0.39","32"
"0.36","32"
"0.37","32"
"0.38","32"
"0.34","32"
"0.33","32"
"0.37","32"
"0.37","32"
"0.4","32"
"0.37","32"
"0.38","32"
"0.36","32"
"0.37","32"
"0.35","32"
"0.4","32"
"0.36","32"
"0.39","32"
"0.38","32"
"0.37","32"
"0.37","32"
"0.36","32"
"0.33","32"
"0.38","32"
"0.37","32"
"0.34","32"
"0.4","32"
"0.37","32"
"0.38","32"
"0.4","32"
"0.36","32"
"0.37","32"
"0.35","32"
"0.31","32"
"0.36","32"
"0.38","32"
"0.38","32"
"0.43","32"
"0.37","32"
"0.39","32"
"0.37","32"
"0.39","32"
"0.37","32"
"0.39","32"
"0.37","32"
"0.41","32"
"0.39","32"
"0.37","32"
"0.37","32"
"0.41","32"
"0.37","32"
"0.38","32"
"0.42","32"
"0.4","32"
"0.35","32"
"0.32","32"
"0.4","32"
"0.38","32"
"0.37","32"
"0.36","32"
"0.37","32"
"0.4","32"
"0.41","32"
"0.36","32"
"0.34","32"
"0.35","32"
"0.34","32"
"0.37","32"
"0.39","32"
"0.37","32"
"0.42","32"
"0.36","32"
"0.33","32"
"0.38","32"
"0.37","32"
"0.38","32"
"0.39","32"
"0.37","32"
"0.35","32"
"0.38","32"
"0.4","32"
"0.35","32"
"0.39","32"
"0.38","32"
"0.37","31"
"0.39","31"
"0.39","31"
"0.34","31"
"0.37","31"
"0.36","31"
"0.39","31"
"0.36","31"
"0.38","31"
"0.31","31"
"0.38","31"
"0.38","31"
"0.37","31"
"0.38","31"
"0.38","31"
"0.41","31"
"0.36","31"
"0.4","31"
"0.37","31"
"0.37","31"
"0.41","31"
"0.39","31"
"0.39","31"
"0.4","31"
"0.36","31"
"0.37","31"
"0.42","31"
"0.34","31"
"0.39","31"
"0.42","31"
"0.4","31"
"0.39","31"
"0.37","31"
"0.35","31"
"0.36","31"
"0.38","31"
"0.36","31"
"0.41","31"
"0.4","31"
"0.39","31"
"0.38","31"
"0.41","31"
"0.39","31"
"0.37","31"
"0.38","31"
"0.41","31"
"0.35","31"
"0.33","31"
"0.4","31"
"0.37","31"
"0.36","31"
"0.38","31"
"0.41","31"
"0.36","31"
"0.35","31"
"0.37","31"
"0.38","31"
"0.35","31"
"0.38","31"
"0.37","31"
"0.41","31"
"0.41","31"
"0.36","31"
"0.39","31"
"0.37","31"
"0.37","31"
"0.35","31"
"0.37","31"
"0.38","31"
"0.36","31"
"0.35","31"
"0.39","31"
"0.37","31"
"0.36","31"
"0.36","31"
"0.38","31"
"0.37","31"
"0.39","31"
"0.41","31"
"0.35","31"
"0.4","31"
"0.37","31"
"0.36","31"
"0.41","31"
"0.32","31"
"0.38","31"
"0.36","31"
"0.37","31"
"0.37","31"
"0.36","31"
"0.38","31"
"0.36","31"
"0.38","31"
"0.38","31"
"0.38","31"
"0.37","31"
"0.38","31"
"0.36","31"
"0.36","31"
"0.36","31"
"0.37","30"
"0.36","30"
"0.37","30"
"0.41","30"
"0.36","30"
"0.38","30"
"0.39","30"
"0.38","30"
"0.37","30"
"0.38","30"
"0.37","30"
"0.35","30"
"0.38","30"
"0.38","30"
"0.36","30"
"0.37","30"
"0.37","30"
"0.36","30"
"0.39","30"
"0.38","30"
"0.38","30"
"0.37","30"
"0.37","30"
"0.33","30"
"0.36","30"
"0.34","30"
"0.39","30"
"0.35","30"
"0.36","30"
"0.38","30"
"0.4","30"
"0.38","30"
"0.37","30"
"0.36","30"
"0.38","30"
"0.37","30"
"0.36","30"
"0.35","30"
"0.37","30"
"0.34","30"
"0.37","30"
"0.38","30"
"0.33","30"
"0.39","30"
"0.36","30"
"0.35","30"
"0.34","30"
"0.38","30"
"0.41","30"
"0.39","30"
"0.4","30"
"0.35","30"
"0.37","30"
"0.39","30"
"0.37","30"
"0.39","30"
"0.37","30"
"0.38","30"
"0.34","30"
"0.39","30"
"0.36","30"
"0.36","30"
"0.41","30"
"0.32","30"
"0.33","30"
"0.35","30"
"0.39","30"
"0.39","30"
"0.38","30"
"0.37","30"
"0.37","30"
"0.38","30"
"0.36","30"
"0.35","30"
"0.39","30"
"0.37","30"
"0.37","30"
"0.42","30"
"0.37","30"
"0.39","30"
"0.38","30"
"0.37","30"
"0.35","30"
"0.38","30"
"0.38","30"
"0.39","30"
"0.38","30"
"0.35","30"
"0.41","30"
"0.39","30"
"0.39","30"
"0.35","30"
"0.35","30"
"0.42","30"
"0.35","30"
"0.36","30"
"0.36","30"
"0.39","30"
"0.35","30"
"0.36","30"
"0.42","29"
"0.38","29"
"0.35","29"
"0.36","29"
"0.37","29"
"0.41","29"
"0.35","29"
"0.33","29"
"0.39","29"
"0.36","29"
"0.38","29"
"0.36","29"
"0.36","29"
"0.37","29"
"0.36","29"
"0.37","29"
"0.35","29"
"0.37","29"
"0.39","29"
"0.37","29"
"0.33","29"
"0.38","29"
"0.38","29"
"0.32","29"
"0.38","29"
"0.39","29"
"0.38","29"
"0.4","29"
"0.37","29"
"0.37","29"
"0.36","29"
"0.36","29"
"0.37","29"
"0.41","29"
"0.39","29"
"0.39","29"
"0.39","29"
"0.33","29"
"0.41","29"
"0.39","29"
"0.36","29"
"0.37","29"
"0.33","29"
"0.36","29"
"0.37","29"
"0.38","29"
"0.38","29"
"0.36","29"
"0.34","29"
"0.36","29"
"0.41","29"
"0.35","29"
"0.34","29"
"0.36","29"
"0.35","29"
"0.34","29"
"0.37","29"
"0.36","29"
"0.35","29"
"0.39","29"
"0.36","29"
"0.4","29"
"0.33","29"
"0.34","29"
"0.34","29"
"0.35","29"
"0.32","29"
"0.38","29"
"0.35","29"
"0.42","29"
"0.37","29"
"0.38","29"
"0.35","29"
"0.4","29"
"0.39","29"
"0.36","29"
"0.36","29"
"0.39","29"
"0.37","29"
"0.38","29"
"0.35","29"
"0.37","29"
"0.41","29"
"0.36","29"
"0.37","29"
"0.35","29"
"0.36","29"
"0.34","29"
"0.37","29"
"0.35","29"
"0.36","29"
"0.36","29"
"0.35","29"
"0.39","29"
"0.4","29"
"0.34","29"
"0.34","29"
"0.34","29"
"0.36","29"
"0.33","29"
"0.38","28"
"0.4","28"
"0.37","28"
"0.38","28"
"0.38","28"
"0.4","28"
"0.38","28"
"0.38","28"
"0.38","28"
"0.41","28"
"0.39","28"
"0.37","28"
"0.38","28"
"0.33","28"
"0.37","28"
"0.35","28"
"0.41","28"
"0.35","28"
"0.36","28"
"0.37","28"
"0.35","28"
"0.31","28"
"0.42","28"
"0.37","28"
"0.38","28"
"0.39","28"
"0.36","28"
"0.37","28"
"0.37","28"
"0.39","28"
"0.37","28"
"0.37","28"
"0.4","28"
"0.36","28"
"0.38","28"
"0.37","28"
"0.35","28"
"0.39","28"
"0.34","28"
"0.38","28"
"0.46","28"
"0.36","28"
"0.41","28"
"0.38","28"
"0.32","28"
"0.34","28"
"0.36","28"
"0.39","28"
"0.38","28"
"0.39","28"
"0.35","28"
"0.36","28"
"0.41","28"
"0.36","28"
"0.38","28"
"0.4","28"
"0.35","28"
"0.36","28"
"0.38","28"
"0.37","28"
"0.41","28"
"0.37","28"
"0.38","28"
"0.37","28"
"0.37","28"
"0.39","28"
"0.37","28"
"0.41","28"
"0.35","28"
"0.38","28"
"0.39","28"
"0.36","28"
"0.35","28"
"0.36","28"
"0.36","28"
"0.38","28"
"0.41","28"
"0.4","28"
"0.37","28"
"0.38","28"
"0.39","28"
"0.33","28"
"0.38","28"
"0.32","28"
"0.36","28"
"0.34","28"
"0.35","28"
"0.39","28"
"0.37","28"
"0.43","28"
"0.4","28"
"0.39","28"
"0.4","28"
"0.39","28"
"0.4","28"
"0.39","28"
"0.36","28"
"0.34","28"
"0.4","28"
"0.41","28"
"0.31","27"
"0.41","27"
"0.35","27"
"0.41","27"
"0.37","27"
"0.36","27"
"0.36","27"
"0.37","27"
"0.38","27"
"0.34","27"
"0.39","27"
"0.42","27"
"0.37","27"
"0.37","27"
"0.3","27"
"0.33","27"
"0.33","27"
"0.37","27"
"0.37","27"
"0.35","27"
"0.36","27"
"0.36","27"
"0.38","27"
"0.41","27"
"0.34","27"
"0.34","27"
"0.37","27"
"0.4","27"
"0.34","27"
"0.39","27"
"0.37","27"
"0.4","27"
"0.37","27"
"0.38","27"
"0.35","27"
"0.37","27"
"0.33","27"
"0.34","27"
"0.38","27"
"0.34","27"
"0.38","27"
"0.39","27"
"0.36","27"
"0.37","27"
"0.36","27"
"0.39","27"
"0.37","27"
"0.35","27"
"0.38","27"
"0.38","27"
"0.4","27"
"0.37","27"
"0.36","27"
"0.35","27"
"0.38","27"
"0.39","27"
"0.35","27"
"0.32","27"
"0.37","27"
"0.36","27"
"0.38","27"
"0.39","27"
"0.39","27"
"0.37","27"
"0.4","27"
"0.35","27"
"0.33","27"
"0.38","27"
"0.37","27"
"0.37","27"
"0.39","27"
"0.39","27"
"0.34","27"
"0.33","27"
"0.33","27"
"0.4","27"
"0.35","27"
"0.39","27"
"0.4","27"
"0.38","27"
"0.39","27"
"0.38","27"
"0.38","27"
"0.38","27"
"0.36","27"
"0.34","27"
"0.35","27"
"0.39","27"
"0.37","27"
"0.37","27"
"0.39","27"
"0.38","27"
"0.39","27"
"0.38","27"
"0.37","27"
"0.42","27"
"0.35","27"
"0.37","27"
"0.37","27"
"0.37","27"
"0.41","26"
"0.37","26"
"0.37","26"
"0.39","26"
"0.4","26"
"0.31","26"
"0.37","26"
"0.37","26"
"0.39","26"
"0.36","26"
"0.36","26"
"0.36","26"
"0.38","26"
"0.37","26"
"0.33","26"
"0.32","26"
"0.37","26"
"0.31","26"
"0.4","26"
"0.36","26"
"0.38","26"
"0.39","26"
"0.34","26"
"0.34","26"
"0.4","26"
"0.37","26"
"0.39","26"
"0.36","26"
"0.39","26"
"0.38","26"
"0.34","26"
"0.35","26"
"0.38","26"
"0.39","26"
"0.4","26"
"0.38","26"
"0.41","26"
"0.34","26"
"0.39","26"
"0.38","26"
"0.34","26"
"0.37","26"
"0.36","26"
"0.4","26"
"0.35","26"
"0.36","26"
"0.35","26"
"0.36","26"
"0.35","26"
"0.32","26"
"0.34","26"
"0.31","26"
"0.35","26"
"0.32","26"
"0.39","26"
"0.35","26"
"0.39","26"
"0.41","26"
"0.34","26"
"0.36","26"
"0.34","26"
"0.35","26"
"0.41","26"
"0.38","26"
"0.39","26"
"0.33","26"
"0.39","26"
"0.4","26"
"0.36","26"
"0.39","26"
"0.39","26"
"0.38","26"
"0.39","26"
"0.4","26"
"0.36","26"
"0.42","26"
"0.35","26"
"0.34","26"
"0.37","26"
"0.43","26"
"0.35","26"
"0.37","26"
"0.36","26"
"0.36","26"
"0.35","26"
"0.37","26"
"0.39","26"
"0.35","26"
"0.39","26"
"0.36","26"
"0.37","26"
"0.31","26"
"0.36","26"
"0.36","26"
"0.37","26"
"0.34","26"
"0.32","26"
"0.37","26"
"0.35","26"
"0.38","26"
"0.35","25"
"0.35","25"
"0.38","25"
"0.36","25"
"0.37","25"
"0.33","25"
"0.38","25"
"0.33","25"
"0.35","25"
"0.39","25"
"0.39","25"
"0.37","25"
"0.32","25"
"0.36","25"
"0.37","25"
"0.35","25"
"0.38","25"
"0.33","25"
"0.36","25"
"0.37","25"
"0.37","25"
"0.38","25"
"0.36","25"
"0.4","25"
"0.33","25"
"0.4","25"
"0.4","25"
"0.34","25"
"0.35","25"
"0.34","25"
"0.38","25"
"0.38","25"
"0.29","25"
"0.34","25"
"0.34","25"
"0.32","25"
"0.38","25"
"0.34","25"
"0.39","25"
"0.34","25"
"0.37","25"
"0.37","25"
"0.38","25"
"0.36","25"
"0.39","25"
"0.4","25"
"0.35","25"
"0.34","25"
"0.37","25"
"0.38","25"
"0.35","25"
"0.38","25"
"0.32","25"
"0.37","25"
"0.36","25"
"0.39","25"
"0.38","25"
"0.37","25"
"0.4","25"
"0.38","25"
"0.35","25"
"0.39","25"
"0.37","25"
"0.41","25"
"0.33","25"
"0.31","25"
"0.39","25"
"0.4","25"
"0.34","25"
"0.4","25"
"0.39","25"
"0.31","25"
"0.39","25"
"0.36","25"
"0.39","25"
"0.37","25"
"0.37","25"
"0.34","25"
"0.37","25"
"0.38","25"
"0.32","25"
"0.38","25"
"0.41","25"
"0.35","25"
"0.39","25"
"0.38","25"
"0.4","25"
"0.39","25"
"0.34","25"
"0.37","25"
"0.35","25"
"0.36","25"
"0.36","25"
"0.32","25"
"0.38","25"
"0.36","25"
"0.37","25"
"0.36","25"
"0.35","25"
"0.29","25"
"0.33","24"
"0.4","24"
"0.37","24"
"0.34","24"
"0.41","24"
"0.36","24"
"0.34","24"
"0.37","24"
"0.38","24"
"0.31","24"
"0.39","24"
"0.32","24"
"0.37","24"
"0.35","24"
"0.38","24"
"0.36","24"
"0.33","24"
"0.34","24"
"0.39","24"
"0.32","24"
"0.31","24"
"0.4","24"
"0.33","24"
"0.35","24"
"0.4","24"
"0.39","24"
"0.39","24"
"0.34","24"
"0.39","24"
"0.34","24"
"0.38","24"
"0.39","24"
"0.32","24"
"0.35","24"
"0.35","24"
"0.34","24"
"0.37","24"
"0.36","24"
"0.34","24"
"0.36","24"
"0.4","24"
"0.34","24"
"0.37","24"
"0.38","24"
"0.36","24"
"0.41","24"
"0.34","24"
"0.34","24"
"0.34","24"
"0.36","24"
"0.4","24"
"0.35","24"
"0.39","24"
"0.39","24"
"0.34","24"
"0.33","24"
"0.38","24"
"0.39","24"
"0.33","24"
"0.38","24"
"0.35","24"
"0.36","24"
"0.37","24"
"0.37","24"
"0.36","24"
"0.32","24"
"0.38","24"
"0.36","24"
"0.31","24"
"0.41","24"
"0.35","24"
"0.37","24"
"0.34","24"
"0.31","24"
"0.4","24"
"0.34","24"
"0.36","24"
"0.4","24"
"0.4","24"
"0.4","24"
"0.37","24"
"0.33","24"
"0.37","24"
"0.38","24"
"0.33","24"
"0.31","24"
"0.39","24"
"0.37","24"
"0.37","24"
"0.37","24"
"0.36","24"
"0.36","24"
"0.34","24"
"0.35","24"
"0.37","24"
"0.35","24"
"0.36","24"
"0.37","24"
"0.44","24"
"0.33","24"
"0.41","23"
"0.39","23"
"0.38","23"
"0.36","23"
"0.39","23"
"0.37","23"
"0.35","23"
"0.31","23"
"0.35","23"
"0.4","23"
"0.38","23"
"0.39","23"
"0.35","23"
"0.32","23"
"0.38","23"
"0.36","23"
"0.32","23"
"0.41","23"
"0.32","23"
"0.35","23"
"0.37","23"
"0.33","23"
"0.35","23"
"0.35","23"
"0.31","23"
"0.32","23"
"0.35","23"
"0.37","23"
"0.37","23"
"0.33","23"
"0.4","23"
"0.35","23"
"0.41","23"
"0.37","23"
"0.42","23"
"0.34","23"
"0.39","23"
"0.36","23"
"0.33","23"
"0.4","23"
"0.31","23"
"0.38","23"
"0.36","23"
"0.34","23"
"0.35","23"
"0.34","23"
"0.35","23"
"0.38","23"
"0.32","23"
"0.35","23"
"0.36","23"
"0.4","23"
"0.41","23"
"0.36","23"
"0.41","23"
"0.43","23"
"0.38","23"
"0.36","23"
"0.34","23"
"0.38","23"
"0.36","23"
"0.37","23"
"0.34","23"
"0.39","23"
"0.37","23"
"0.35","23"
"0.32","23"
"0.36","23"
"0.41","23"
"0.36","23"
"0.32","23"
"0.35","23"
"0.36","23"
"0.34","23"
"0.36","23"
"0.37","23"
"0.43","23"
"0.37","23"
"0.39","23"
"0.35","23"
"0.32","23"
"0.32","23"
"0.4","23"
"0.34","23"
"0.33","23"
"0.37","23"
"0.37","23"
"0.39","23"
"0.34","23"
"0.42","23"
"0.35","23"
"0.34","23"
"0.33","23"
"0.37","23"
"0.34","23"
"0.43","23"
"0.34","23"
"0.37","23"
"0.41","23"
"0.34","23"
"0.35","22"
"0.41","22"
"0.35","22"
"0.35","22"
"0.36","22"
"0.34","22"
"0.37","22"
"0.37","22"
"0.35","22"
"0.33","22"
"0.44","22"
"0.39","22"
"0.37","22"
"0.33","22"
"0.34","22"
"0.34","22"
"0.36","22"
"0.38","22"
"0.43","22"
"0.39","22"
"0.35","22"
"0.33","22"
"0.36","22"
"0.35","22"
"0.38","22"
"0.35","22"
"0.35","22"
"0.4","22"
"0.36","22"
"0.32","22"
"0.37","22"
"0.4","22"
"0.33","22"
"0.34","22"
"0.4","22"
"0.36","22"
"0.35","22"
"0.38","22"
"0.31","22"
"0.35","22"
"0.37","22"
"0.38","22"
"0.35","22"
"0.33","22"
"0.34","22"
"0.37","22"
"0.35","22"
"0.33","22"
"0.34","22"
"0.4","22"
"0.36","22"
"0.36","22"
"0.38","22"
"0.38","22"
"0.33","22"
"0.37","22"
"0.35","22"
"0.4","22"
"0.35","22"
"0.38","22"
"0.29","22"
"0.31","22"
"0.39","22"
"0.38","22"
"0.36","22"
"0.33","22"
"0.36","22"
"0.4","22"
"0.39","22"
"0.38","22"
"0.34","22"
"0.36","22"
"0.36","22"
"0.36","22"
"0.39","22"
"0.42","22"
"0.34","22"
"0.37","22"
"0.34","22"
"0.39","22"
"0.35","22"
"0.38","22"
"0.3","22"
"0.39","22"
"0.36","22"
"0.33","22"
"0.31","22"
"0.39","22"
"0.38","22"
"0.3","22"
"0.36","22"
"0.33","22"
"0.37","22"
"0.37","22"
"0.31","22"
"0.34","22"
"0.36","22"
"0.36","22"
"0.39","22"
"0.39","22"
"0.33","21"
"0.38","21"
"0.38","21"
"0.28","21"
"0.41","21"
"0.36","21"
"0.39","21"
"0.38","21"
"0.43","21"
"0.41","21"
"0.36","21"
"0.33","21"
"0.35","21"
"0.35","21"
"0.38","21"
"0.31","21"
"0.34","21"
"0.35","21"
"0.37","21"
"0.33","21"
"0.42","21"
"0.33","21"
"0.37","21"
"0.38","21"
"0.37","21"
"0.42","21"
"0.38","21"
"0.36","21"
"0.37","21"
"0.42","21"
"0.4","21"
"0.34","21"
"0.42","21"
"0.35","21"
"0.28","21"
"0.37","21"
"0.33","21"
"0.41","21"
"0.4","21"
"0.41","21"
"0.4","21"
"0.33","21"
"0.34","21"
"0.37","21"
"0.34","21"
"0.4","21"
"0.39","21"
"0.36","21"
"0.4","21"
"0.34","21"
"0.37","21"
"0.32","21"
"0.36","21"
"0.38","21"
"0.36","21"
"0.37","21"
"0.37","21"
"0.36","21"
"0.32","21"
"0.36","21"
"0.42","21"
"0.35","21"
"0.38","21"
"0.37","21"
"0.43","21"
"0.33","21"
"0.37","21"
"0.37","21"
"0.35","21"
"0.43","21"
"0.37","21"
"0.35","21"
"0.33","21"
"0.31","21"
"0.34","21"
"0.36","21"
"0.36","21"
"0.37","21"
"0.33","21"
"0.33","21"
"0.43","21"
"0.37","21"
"0.31","21"
"0.4","21"
"0.43","21"
"0.37","21"
"0.38","21"
"0.4","21"
"0.35","21"
"0.37","21"
"0.37","21"
"0.33","21"
"0.41","21"
"0.31","21"
"0.42","21"
"0.36","21"
"0.37","21"
"0.34","21"
"0.33","21"
"0.42","21"
"0.31","20"
"0.39","20"
"0.36","20"
"0.36","20"
"0.36","20"
"0.41","20"
"0.32","20"
"0.42","20"
"0.37","20"
"0.39","20"
"0.41","20"
"0.34","20"
"0.33","20"
"0.35","20"
"0.37","20"
"0.44","20"
"0.3","20"
"0.39","20"
"0.31","20"
"0.33","20"
"0.28","20"
"0.35","20"
"0.36","20"
"0.38","20"
"0.39","20"
"0.33","20"
"0.39","20"
"0.39","20"
"0.31","20"
"0.35","20"
"0.39","20"
"0.33","20"
"0.35","20"
"0.35","20"
"0.34","20"
"0.32","20"
"0.38","20"
"0.33","20"
"0.34","20"
"0.41","20"
"0.31","20"
"0.37","20"
"0.33","20"
"0.36","20"
"0.33","20"
"0.33","20"
"0.33","20"
"0.34","20"
"0.34","20"
"0.33","20"
"0.32","20"
"0.3","20"
"0.41","20"
"0.31","20"
"0.3","20"
"0.37","20"
"0.39","20"
"0.32","20"
"0.36","20"
"0.37","20"
"0.31","20"
"0.38","20"
"0.38","20"
"0.37","20"
"0.41","20"
"0.36","20"
"0.35","20"
"0.39","20"
"0.35","20"
"0.36","20"
"0.36","20"
"0.38","20"
"0.29","20"
"0.43","20"
"0.38","20"
"0.28","20"
"0.37","20"
"0.42","20"
"0.37","20"
"0.34","20"
"0.36","20"
"0.38","20"
"0.33","20"
"0.35","20"
"0.31","20"
"0.35","20"
"0.34","20"
"0.41","20"
"0.37","20"
"0.34","20"
"0.32","20"
"0.36","20"
"0.37","20"
"0.38","20"
"0.33","20"
"0.31","20"
"0.36","20"
"0.36","20"
"0.36","20"
"0.36","20"
"0.31","19"
"0.39","19"
"0.44","19"
"0.37","19"
"0.38","19"
"0.4","19"
"0.41","19"
"0.33","19"
"0.33","19"
"0.33","19"
"0.34","19"
"0.38","19"
"0.33","19"
"0.35","19"
"0.37","19"
"0.36","19"
"0.41","19"
"0.35","19"
"0.38","19"
"0.35","19"
"0.35","19"
"0.38","19"
"0.34","19"
"0.36","19"
"0.37","19"
"0.34","19"
"0.37","19"
"0.4","19"
"0.35","19"
"0.29","19"
"0.34","19"
"0.32","19"
"0.36","19"
"0.37","19"
"0.38","19"
"0.34","19"
"0.36","19"
"0.4","19"
"0.4","19"
"0.38","19"
"0.34","19"
"0.38","19"
"0.38","19"
"0.36","19"
"0.37","19"
"0.31","19"
"0.38","19"
"0.32","19"
"0.34","19"
"0.41","19"
"0.33","19"
"0.36","19"
"0.38","19"
"0.38","19"
"0.33","19"
"0.42","19"
"0.37","19"
"0.31","19"
"0.42","19"
"0.39","19"
"0.36","19"
"0.29","19"
"0.41","19"
"0.37","19"
"0.35","19"
"0.34","19"
"0.34","19"
"0.35","19"
"0.39","19"
"0.32","19"
"0.42","19"
"0.28","19"
"0.28","19"
"0.32","19"
"0.37","19"
"0.26","19"
"0.38","19"
"0.37","19"
"0.33","19"
"0.32","19"
"0.42","19"
"0.31","19"
"0.4","19"
"0.4","19"
"0.3","19"
"0.35","19"
"0.35","19"
"0.37","19"
"0.35","19"
"0.3","19"
"0.39","19"
"0.37","19"
"0.35","19"
"0.31","19"
"0.37","19"
"0.32","19"
"0.37","19"
"0.33","19"
"0.32","19"
"0.32","19"
"0.38","18"
"0.38","18"
"0.33","18"
"0.36","18"
"0.34","18"
"0.4","18"
"0.31","18"
"0.32","18"
"0.35","18"
"0.36","18"
"0.38","18"
"0.32","18"
"0.37","18"
"0.36","18"
"0.39","18"
"0.39","18"
"0.4","18"
"0.38","18"
"0.32","18"
"0.35","18"
"0.45","18"
"0.35","18"
"0.33","18"
"0.4","18"
"0.31","18"
"0.34","18"
"0.38","18"
"0.36","18"
"0.33","18"
"0.37","18"
"0.38","18"
"0.34","18"
"0.37","18"
"0.32","18"
"0.38","18"
"0.35","18"
"0.4","18"
"0.42","18"
"0.37","18"
"0.39","18"
"0.38","18"
"0.38","18"
"0.34","18"
"0.36","18"
"0.37","18"
"0.36","18"
"0.34","18"
"0.35","18"
"0.31","18"
"0.33","18"
"0.36","18"
"0.34","18"
"0.33","18"
"0.38","18"
"0.37","18"
"0.43","18"
"0.37","18"
"0.36","18"
"0.4","18"
"0.37","18"
"0.35","18"
"0.36","18"
"0.39","18"
"0.37","18"
"0.37","18"
"0.4","18"
"0.41","18"
"0.37","18"
"0.35","18"
"0.38","18"
"0.33","18"
"0.33","18"
"0.34","18"
"0.39","18"
"0.39","18"
"0.37","18"
"0.41","18"
"0.41","18"
"0.34","18"
"0.33","18"
"0.31","18"
"0.35","18"
"0.39","18"
"0.32","18"
"0.31","18"
"0.34","18"
"0.31","18"
"0.35","18"
"0.36","18"
"0.31","18"
"0.35","18"
"0.33","18"
"0.38","18"
"0.36","18"
"0.37","18"
"0.32","18"
"0.34","18"
"0.39","18"
"0.34","18"
"0.38","18"
"0.33","17"
"0.29","17"
"0.4","17"
"0.41","17"
"0.37","17"
"0.35","17"
"0.42","17"
"0.3","17"
"0.35","17"
"0.34","17"
"0.31","17"
"0.35","17"
"0.4","17"
"0.34","17"
"0.32","17"
"0.31","17"
"0.31","17"
"0.33","17"
"0.37","17"
"0.38","17"
"0.35","17"
"0.33","17"
"0.33","17"
"0.29","17"
"0.35","17"
"0.35","17"
"0.44","17"
"0.37","17"
"0.36","17"
"0.4","17"
"0.4","17"
"0.34","17"
"0.38","17"
"0.3","17"
"0.33","17"
"0.36","17"
"0.34","17"
"0.3","17"
"0.32","17"
"0.32","17"
"0.41","17"
"0.38","17"
"0.32","17"
"0.33","17"
"0.39","17"
"0.29","17"
"0.35","17"
"0.36","17"
"0.36","17"
"0.36","17"
"0.35","17"
"0.43","17"
"0.28","17"
"0.4","17"
"0.37","17"
"0.36","17"
"0.4","17"
"0.36","17"
"0.34","17"
"0.38","17"
"0.42","17"
"0.34","17"
"0.33","17"
"0.3","17"
"0.31","17"
"0.38","17"
"0.33","17"
"0.36","17"
"0.45","17"
"0.35","17"
"0.37","17"
"0.31","17"
"0.31","17"
"0.34","17"
"0.34","17"
"0.34","17"
"0.33","17"
"0.39","17"
"0.29","17"
"0.29","17"
"0.27","17"
"0.35","17"
"0.3","17"
"0.37","17"
"0.3","17"
"0.32","17"
"0.31","17"
"0.35","17"
"0.31","17"
"0.41","17"
"0.37","17"
"0.38","17"
"0.37","17"
"0.37","17"
"0.42","17"
"0.35","17"
"0.31","17"
"0.39","17"
"0.41","17"
"0.39","17"
"0.3","16"
"0.35","16"
"0.4","16"
"0.37","16"
"0.37","16"
"0.33","16"
"0.33","16"
"0.33","16"
"0.35","16"
"0.31","16"
"0.41","16"
"0.33","16"
"0.45","16"
"0.31","16"
"0.29","16"
"0.34","16"
"0.34","16"
"0.31","16"
"0.34","16"
"0.35","16"
"0.37","16"
"0.33","16"
"0.34","16"
"0.32","16"
"0.34","16"
"0.3","16"
"0.36","16"
"0.35","16"
"0.34","16"
"0.32","16"
"0.37","16"
"0.33","16"
"0.35","16"
"0.37","16"
"0.36","16"
"0.36","16"
"0.37","16"
"0.39","16"
"0.29","16"
"0.36","16"
"0.39","16"
"0.38","16"
"0.39","16"
"0.34","16"
"0.4","16"
"0.33","16"
"0.33","16"
"0.34","16"
"0.35","16"
"0.36","16"
"0.37","16"
"0.39","16"
"0.37","16"
"0.4","16"
"0.37","16"
"0.31","16"
"0.33","16"
"0.3","16"
"0.3","16"
"0.32","16"
"0.33","16"
"0.39","16"
"0.32","16"
"0.39","16"
"0.39","16"
"0.37","16"
"0.24","16"
"0.37","16"
"0.37","16"
"0.31","16"
"0.35","16"
"0.33","16"
"0.27","16"
"0.4","16"
"0.37","16"
"0.34","16"
"0.3","16"
"0.38","16"
"0.38","16"
"0.33","16"
"0.35","16"
"0.37","16"
"0.37","16"
"0.35","16"
"0.31","16"
"0.47","16"
"0.4","16"
"0.34","16"
"0.33","16"
"0.36","16"
"0.3","16"
"0.32","16"
"0.37","16"
"0.39","16"
"0.4","16"
"0.36","16"
"0.4","16"
"0.32","16"
"0.32","16"
"0.35","16"
"0.3","15"
"0.39","15"
"0.35","15"
"0.43","15"
"0.34","15"
"0.38","15"
"0.31","15"
"0.4","15"
"0.38","15"
"0.3","15"
"0.32","15"
"0.36","15"
"0.34","15"
"0.37","15"
"0.25","15"
"0.39","15"
"0.4","15"
"0.38","15"
"0.26","15"
"0.31","15"
"0.29","15"
"0.34","15"
"0.31","15"
"0.33","15"
"0.41","15"
"0.31","15"
"0.33","15"
"0.34","15"
"0.36","15"
"0.32","15"
"0.33","15"
"0.36","15"
"0.32","15"
"0.34","15"
"0.41","15"
"0.39","15"
"0.37","15"
"0.37","15"
"0.32","15"
"0.35","15"
"0.32","15"
"0.32","15"
"0.34","15"
"0.29","15"
"0.32","15"
"0.37","15"
"0.37","15"
"0.35","15"
"0.31","15"
"0.31","15"
"0.37","15"
"0.38","15"
"0.38","15"
"0.33","15"
"0.44","15"
"0.38","15"
"0.39","15"
"0.27","15"
"0.34","15"
"0.34","15"
"0.28","15"
"0.29","15"
"0.38","15"
"0.33","15"
"0.34","15"
"0.35","15"
"0.37","15"
"0.39","15"
"0.32","15"
"0.32","15"
"0.32","15"
"0.39","15"
"0.38","15"
"0.44","15"
"0.28","15"
"0.35","15"
"0.41","15"
"0.29","15"
"0.32","15"
"0.3","15"
"0.35","15"
"0.32","15"
"0.34","15"
"0.34","15"
"0.35","15"
"0.37","15"
"0.29","15"
"0.4","15"
"0.4","15"
"0.31","15"
"0.33","15"
"0.38","15"
"0.3","15"
"0.31","15"
"0.34","15"
"0.32","15"
"0.31","15"
"0.39","15"
"0.43","15"
"0.34","15"
"0.42","14"
"0.27","14"
"0.26","14"
"0.33","14"
"0.3","14"
"0.31","14"
"0.39","14"
"0.32","14"
"0.38","14"
"0.31","14"
"0.33","14"
"0.36","14"
"0.37","14"
"0.36","14"
"0.33","14"
"0.31","14"
"0.37","14"
"0.24","14"
"0.4","14"
"0.38","14"
"0.36","14"
"0.32","14"
"0.26","14"
"0.36","14"
"0.36","14"
"0.33","14"
"0.36","14"
"0.36","14"
"0.39","14"
"0.39","14"
"0.39","14"
"0.36","14"
"0.34","14"
"0.37","14"
"0.34","14"
"0.32","14"
"0.35","14"
"0.31","14"
"0.35","14"
"0.37","14"
"0.35","14"
"0.34","14"
"0.29","14"
"0.29","14"
"0.34","14"
"0.38","14"
"0.46","14"
"0.29","14"
"0.36","14"
"0.36","14"
"0.34","14"
"0.33","14"
"0.34","14"
"0.3","14"
"0.31","14"
"0.34","14"
"0.38","14"
"0.34","14"
"0.36","14"
"0.31","14"
"0.29","14"
"0.41","14"
"0.28","14"
"0.32","14"
"0.37","14"
"0.38","14"
"0.34","14"
"0.42","14"
"0.25","14"
"0.3","14"
"0.31","14"
"0.33","14"
"0.32","14"
"0.44","14"
"0.38","14"
"0.36","14"
"0.3","14"
"0.31","14"
"0.39","14"
"0.26","14"
"0.32","14"
"0.33","14"
"0.28","14"
"0.31","14"
"0.35","14"
"0.32","14"
"0.35","14"
"0.37","14"
"0.34","14"
"0.34","14"
"0.39","14"
"0.37","14"
"0.29","14"
"0.35","14"
"0.35","14"
"0.35","14"
"0.27","14"
"0.34","14"
"0.31","14"
"0.34","14"
"0.41","13"
"0.34","13"
"0.35","13"
"0.34","13"
"0.3","13"
"0.41","13"
"0.39","13"
"0.38","13"
"0.3","13"
"0.31","13"
"0.38","13"
"0.41","13"
"0.3","13"
"0.36","13"
"0.33","13"
"0.3","13"
"0.31","13"
"0.32","13"
"0.32","13"
"0.29","13"
"0.34","13"
"0.36","13"
"0.22","13"
"0.44","13"
"0.32","13"
"0.34","13"
"0.38","13"
"0.4","13"
"0.38","13"
"0.33","13"
"0.3","13"
"0.29","13"
"0.25","13"
"0.28","13"
"0.35","13"
"0.31","13"
"0.36","13"
"0.34","13"
"0.31","13"
"0.33","13"
"0.37","13"
"0.37","13"
"0.25","13"
"0.27","13"
"0.36","13"
"0.38","13"
"0.41","13"
"0.37","13"
"0.31","13"
"0.44","13"
"0.34","13"
"0.31","13"
"0.33","13"
"0.38","13"
"0.27","13"
"0.3","13"
"0.39","13"
"0.37","13"
"0.25","13"
"0.42","13"
"0.32","13"
"0.36","13"
"0.39","13"
"0.36","13"
"0.35","13"
"0.33","13"
"0.28","13"
"0.32","13"
"0.38","13"
"0.3","13"
"0.37","13"
"0.3","13"
"0.36","13"
"0.25","13"
"0.27","13"
"0.38","13"
"0.36","13"
"0.39","13"
"0.33","13"
"0.27","13"
"0.38","13"
"0.26","13"
"0.23","13"
"0.38","13"
"0.4","13"
"0.35","13"
"0.29","13"
"0.41","13"
"0.36","13"
"0.31","13"
"0.29","13"
"0.34","13"
"0.21","13"
"0.29","13"
"0.37","13"
"0.45","13"
"0.32","13"
"0.3","13"
"0.3","13"
"0.42","13"
"0.26","12"
"0.28","12"
"0.31","12"
"0.35","12"
"0.33","12"
"0.34","12"
"0.3","12"
"0.3","12"
"0.4","12"
"0.32","12"
"0.27","12"
"0.36","12"
"0.33","12"
"0.39","12"
"0.29","12"
"0.32","12"
"0.34","12"
"0.38","12"
"0.31","12"
"0.39","12"
"0.3","12"
"0.34","12"
"0.43","12"
"0.33","12"
"0.35","12"
"0.29","12"
"0.24","12"
"0.33","12"
"0.31","12"
"0.32","12"
"0.31","12"
"0.35","12"
"0.36","12"
"0.22","12"
"0.3","12"
"0.29","12"
"0.32","12"
"0.36","12"
"0.38","12"
"0.33","12"
"0.29","12"
"0.28","12"
"0.36","12"
"0.33","12"
"0.36","12"
"0.29","12"
"0.37","12"
"0.29","12"
"0.27","12"
"0.38","12"
"0.35","12"
"0.44","12"
"0.33","12"
"0.39","12"
"0.31","12"
"0.36","12"
"0.37","12"
"0.41","12"
"0.31","12"
"0.36","12"
"0.36","12"
"0.36","12"
"0.37","12"
"0.3","12"
"0.34","12"
"0.38","12"
"0.41","12"
"0.38","12"
"0.38","12"
"0.38","12"
"0.25","12"
"0.24","12"
"0.28","12"
"0.3","12"
"0.32","12"
"0.41","12"
"0.32","12"
"0.35","12"
"0.4","12"
"0.32","12"
"0.38","12"
"0.4","12"
"0.34","12"
"0.31","12"
"0.37","12"
"0.33","12"
"0.46","12"
"0.28","12"
"0.32","12"
"0.47","12"
"0.36","12"
"0.29","12"
"0.39","12"
"0.34","12"
"0.32","12"
"0.36","12"
"0.36","12"
"0.29","12"
"0.36","12"
"0.35","12"
"0.26","11"
"0.41","11"
"0.33","11"
"0.38","11"
"0.31","11"
"0.34","11"
"0.4","11"
"0.33","11"
"0.36","11"
"0.36","11"
"0.39","11"
"0.39","11"
"0.34","11"
"0.36","11"
"0.35","11"
"0.3","11"
"0.37","11"
"0.34","11"
"0.26","11"
"0.31","11"
"0.27","11"
"0.33","11"
"0.31","11"
"0.34","11"
"0.32","11"
"0.45","11"
"0.33","11"
"0.28","11"
"0.31","11"
"0.36","11"
"0.32","11"
"0.28","11"
"0.26","11"
"0.29","11"
"0.2","11"
"0.25","11"
"0.41","11"
"0.33","11"
"0.35","11"
"0.31","11"
"0.35","11"
"0.36","11"
"0.29","11"
"0.27","11"
"0.37","11"
"0.27","11"
"0.32","11"
"0.32","11"
"0.41","11"
"0.32","11"
"0.32","11"
"0.3","11"
"0.3","11"
"0.27","11"
"0.34","11"
"0.25","11"
"0.27","11"
"0.37","11"
"0.26","11"
"0.37","11"
"0.37","11"
"0.26","11"
"0.27","11"
"0.35","11"
"0.29","11"
"0.37","11"
"0.26","11"
"0.34","11"
"0.36","11"
"0.42","11"
"0.38","11"
"0.21","11"
"0.34","11"
"0.34","11"
"0.37","11"
"0.31","11"
"0.35","11"
"0.26","11"
"0.29","11"
"0.4","11"
"0.35","11"
"0.22","11"
"0.28","11"
"0.3","11"
"0.3","11"
"0.31","11"
"0.31","11"
"0.3","11"
"0.35","11"
"0.31","11"
"0.34","11"
"0.31","11"
"0.34","11"
"0.4","11"
"0.35","11"
"0.32","11"
"0.35","11"
"0.27","11"
"0.25","11"
"0.24","11"
"0.35","10"
"0.38","10"
"0.32","10"
"0.25","10"
"0.32","10"
"0.27","10"
"0.32","10"
"0.4","10"
"0.36","10"
"0.25","10"
"0.36","10"
"0.36","10"
"0.28","10"
"0.26","10"
"0.28","10"
"0.27","10"
"0.31","10"
"0.31","10"
"0.3","10"
"0.21","10"
"0.33","10"
"0.23","10"
"0.4","10"
"0.3","10"
"0.35","10"
"0.29","10"
"0.21","10"
"0.38","10"
"0.21","10"
"0.38","10"
"0.36","10"
"0.35","10"
"0.37","10"
"0.26","10"
"0.34","10"
"0.32","10"
"0.33","10"
"0.36","10"
"0.35","10"
"0.34","10"
"0.34","10"
"0.36","10"
"0.31","10"
"0.37","10"
"0.27","10"
"0.36","10"
"0.22","10"
"0.36","10"
"0.4","10"
"0.36","10"
"0.33","10"
"0.33","10"
"0.37","10"
"0.32","10"
"0.38","10"
"0.33","10"
"0.33","10"
"0.32","10"
"0.4","10"
"0.42","10"
"0.38","10"
"0.27","10"
"0.28","10"
"0.38","10"
"0.45","10"
"0.34","10"
"0.31","10"
"0.38","10"
"0.32","10"
"0.31","10"
"0.39","10"
"0.38","10"
"0.4","10"
"0.33","10"
"0.27","10"
"0.38","10"
"0.47","10"
"0.21","10"
"0.35","10"
"0.3","10"
"0.35","10"
"0.28","10"
"0.3","10"
"0.34","10"
"0.3","10"
"0.37","10"
"0.33","10"
"0.38","10"
"0.3","10"
"0.44","10"
"0.31","10"
"0.35","10"
"0.35","10"
"0.33","10"
"0.23","10"
"0.31","10"
"0.34","10"
"0.38","10"
"0.29","10"
"0.37","10"
"0.37","9"
"0.27","9"
"0.3","9"
"0.41","9"
"0.29","9"
"0.27","9"
"0.32","9"
"0.33","9"
"0.37","9"
"0.3","9"
"0.32","9"
"0.39","9"
"0.33","9"
"0.19","9"
"0.34","9"
"0.38","9"
"0.34","9"
"0.32","9"
"0.42","9"
"0.42","9"
"0.25","9"
"0.42","9"
"0.42","9"
"0.31","9"
"0.32","9"
"0.33","9"
"0.36","9"
"0.34","9"
"0.34","9"
"0.37","9"
"0.21","9"
"0.34","9"
"0.32","9"
"0.35","9"
"0.25","9"
"0.29","9"
"0.31","9"
"0.32","9"
"0.27","9"
"0.24","9"
"0.23","9"
"0.31","9"
"0.34","9"
"0.34","9"
"0.29","9"
"0.3","9"
"0.31","9"
"0.29","9"
"0.31","9"
"0.34","9"
"0.26","9"
"0.23","9"
"0.24","9"
"0.28","9"
"0.4","9"
"0.43","9"
"0.41","9"
"0.33","9"
"0.32","9"
"0.22","9"
"0.32","9"
"0.33","9"
"0.27","9"
"0.32","9"
"0.41","9"
"0.39","9"
"0.41","9"
"0.3","9"
"0.36","9"
"0.36","9"
"0.34","9"
"0.31","9"
"0.34","9"
"0.28","9"
"0.42","9"
"0.35","9"
"0.27","9"
"0.39","9"
"0.31","9"
"0.29","9"
"0.31","9"
"0.36","9"
"0.27","9"
"0.42","9"
"0.28","9"
"0.34","9"
"0.39","9"
"0.31","9"
"0.39","9"
"0.4","9"
"0.31","9"
"0.23","9"
"0.18","9"
"0.37","9"
"0.3","9"
"0.28","9"
"0.31","9"
"0.45","9"
"0.31","9"
"0.39","9"
"0.38","8"
"0.32","8"
"0.4","8"
"0.25","8"
"0.35","8"
"0.26","8"
"0.33","8"
"0.29","8"
"0.31","8"
"0.16","8"
"0.32","8"
"0.28","8"
"0.34","8"
"0.31","8"
"0.32","8"
"0.29","8"
"0.25","8"
"0.24","8"
"0.23","8"
"0.32","8"
"0.39","8"
"0.28","8"
"0.28","8"
"0.28","8"
"0.39","8"
"0.26","8"
"0.27","8"
"0.3","8"
"0.4","8"
"0.26","8"
"0.35","8"
"0.26","8"
"0.39","8"
"0.29","8"
"0.34","8"
"0.36","8"
"0.28","8"
"0.3","8"
"0.16","8"
"0.36","8"
"0.2","8"
"0.24","8"
"0.2","8"
"0.35","8"
"0.26","8"
"0.3","8"
"0.38","8"
"0.28","8"
"0.32","8"
"0.33","8"
"0.27","8"
"0.35","8"
"0.4","8"
"0.35","8"
"0.3","8"
"0.39","8"
"0.32","8"
"0.3","8"
"0.37","8"
"0.21","8"
"0.22","8"
"0.39","8"
"0.24","8"
"0.31","8"
"0.21","8"
"0.3","8"
"0.21","8"
"0.23","8"
"0.32","8"
"0.3","8"
"0.36","8"
"0.41","8"
"0.38","8"
"0.36","8"
"0.34","8"
"0.29","8"
"0.3","8"
"0.38","8"
"0.28","8"
"0.29","8"
"0.38","8"
"0.3","8"
"0.25","8"
"0.29","8"
"0.33","8"
"0.39","8"
"0.38","8"
"0.35","8"
"0.32","8"
"0.27","8"
"0.37","8"
"0.38","8"
"0.29","8"
"0.3","8"
"0.37","8"
"0.26","8"
"0.31","8"
"0.27","8"
"0.23","8"
"0.33","8"
"0.21","7"
"0.18","7"
"0.21","7"
"0.32","7"
"0.22","7"
"0.34","7"
"0.32","7"
"0.26","7"
"0.3","7"
"0.31","7"
"0.31","7"
"0.39","7"
"0.25","7"
"0.38","7"
"0.39","7"
"0.26","7"
"0.33","7"
"0.32","7"
"0.42","7"
"0.25","7"
"0.29","7"
"0.29","7"
"0.25","7"
"0.31","7"
"0.27","7"
"0.35","7"
"0.18","7"
"0.37","7"
"0.23","7"
"0.15","7"
"0.39","7"
"0.19","7"
"0.31","7"
"0.46","7"
"0.34","7"
"0.25","7"
"0.34","7"
"0.35","7"
"0.28","7"
"0.31","7"
"0.36","7"
"0.33","7"
"0.27","7"
"0.27","7"
"0.2","7"
"0.29","7"
"0.34","7"
"0.27","7"
"0.33","7"
"0.2","7"
"0.32","7"
"0.32","7"
"0.25","7"
"0.29","7"
"0.3","7"
"0.26","7"
"0.3","7"
"0.27","7"
"0.23","7"
"0.34","7"
"0.29","7"
"0.34","7"
"0.22","7"
"0.26","7"
"0.32","7"
"0.34","7"
"0.38","7"
"0.33","7"
"0.26","7"
"0.37","7"
"0.23","7"
"0.3","7"
"0.31","7"
"0.16","7"
"0.34","7"
"0.32","7"
"0.29","7"
"0.26","7"
"0.36","7"
"0.32","7"
"0.23","7"
"0.37","7"
"0.25","7"
"0.35","7"
"0.31","7"
"0.35","7"
"0.42","7"
"0.27","7"
"0.33","7"
"0.33","7"
"0.28","7"
"0.2","7"
"0.34","7"
"0.33","7"
"0.19","7"
"0.3","7"
"0.27","7"
"0.36","7"
"0.36","7"
"0.29","7"
"0.33","6"
"0.29","6"
"0.24","6"
"0.36","6"
"0.32","6"
"0.3","6"
"0.32","6"
"0.38","6"
"0.29","6"
"0.28","6"
"0.16","6"
"0.36","6"
"0.33","6"
"0.34","6"
"0.33","6"
"0.3","6"
"0.33","6"
"0.31","6"
"0.25","6"
"0.33","6"
"0.27","6"
"0.19","6"
"0.33","6"
"0.28","6"
"0.27","6"
"0.39","6"
"0.31","6"
"0.34","6"
"0.33","6"
"0.38","6"
"0.2","6"
"0.41","6"
"0.23","6"
"0.19","6"
"0.32","6"
"0.29","6"
"0.29","6"
"0.36","6"
"0.38","6"
"0.25","6"
"0.34","6"
"0.22","6"
"0.33","6"
"0.22","6"
"0.3","6"
"0.22","6"
"0.27","6"
"0.27","6"
"0.36","6"
"0.15","6"
"0.36","6"
"0.32","6"
"0.4","6"
"0.36","6"
"0.47","6"
"0.34","6"
"0.19","6"
"0.29","6"
"0.29","6"
"0.22","6"
"0.24","6"
"0.24","6"
"0.35","6"
"0.31","6"
"0.27","6"
"0.25","6"
"0.37","6"
"0.25","6"
"0.25","6"
"0.14","6"
"0.4","6"
"0.33","6"
"0.31","6"
"0.32","6"
"0.28","6"
"0.27","6"
"0.31","6"
"0.38","6"
"0.41","6"
"0.31","6"
"0.25","6"
"0.31","6"
"0.18","6"
"0.35","6"
"0.25","6"
"0.28","6"
"0.28","6"
"0.38","6"
"0.26","6"
"0.23","6"
"0.32","6"
"0.22","6"
"0.35","6"
"0.39","6"
"0.31","6"
"0.3","6"
"0.23","6"
"0.37","6"
"0.43","6"
"0.37","6"
"0.28","5"
"0.29","5"
"0.33","5"
"0.38","5"
"0.25","5"
"0.17","5"
"0.16","5"
"0.13","5"
"0.32","5"
"0.28","5"
"0.27","5"
"0.3","5"
"0.37","5"
"0.19","5"
"0.41","5"
"0.36","5"
"0.19","5"
"0.32","5"
"0.36","5"
"0.35","5"
"0.35","5"
"0.2","5"
"0.29","5"
"0.35","5"
"0.2","5"
"0.22","5"
"0.33","5"
"0.38","5"
"0.38","5"
"0.35","5"
"0.37","5"
"0.2","5"
"0.31","5"
"0.23","5"
"0.37","5"
"0.16","5"
"0.3","5"
"0.29","5"
"0.19","5"
"0.18","5"
"0.3","5"
"0.32","5"
"0.25","5"
"0.29","5"
"0.38","5"
"0.22","5"
"0.36","5"
"0.28","5"
"0.28","5"
"0.23","5"
"0.19","5"
"0.2","5"
"0.25","5"
"0.23","5"
"0.29","5"
"0.15","5"
"0.37","5"
"0.37","5"
"0.25","5"
"0.23","5"
"0.31","5"
"0.35","5"
"0.33","5"
"0.24","5"
"0.31","5"
"0.34","5"
"0.27","5"
"0.38","5"
"0.31","5"
"0.2","5"
"0.23","5"
"0.32","5"
"0.38","5"
"0.26","5"
"0.16","5"
"0.18","5"
"0.24","5"
"0.31","5"
"0.3","5"
"0.25","5"
"0.18","5"
"0.26","5"
"0.22","5"
"0.28","5"
"0.23","5"
"0.22","5"
"0.29","5"
"0.24","5"
"0.31","5"
"0.3","5"
"0.32","5"
"0.21","5"
"0.2","5"
"0.19","5"
"0.25","5"
"0.25","5"
"0.21","5"
"0.28","5"
"0.25","5"
"0.14","5"
"0.22","4"
"0.28","4"
"0.22","4"
"0.34","4"
"0.26","4"
"0.22","4"
"0.27","4"
"0.24","4"
"0.3","4"
"0.19","4"
"0.26","4"
"0.18","4"
"0.27","4"
"0.28","4"
"0.34","4"
"0.27","4"
"0.17","4"
"0.27","4"
"0.34","4"
"0.26","4"
"0.15","4"
"0.29","4"
"0.18","4"
"0.28","4"
"0.34","4"
"0.12","4"
"0.26","4"
"0.29","4"
"0.39","4"
"0.34","4"
"0.24","4"
"0.28","4"
"0.2","4"
"0.26","4"
"0.21","4"
"0.2","4"
"0.26","4"
"0.33","4"
"0.36","4"
"0.3","4"
"0.32","4"
"0.21","4"
"0.37","4"
"0.23","4"
"0.2","4"
"0.16","4"
"0.15","4"
"0.37","4"
"0.26","4"
"0.29","4"
"0.27","4"
"0.16","4"
"0.22","4"
"0.28","4"
"0.24","4"
"0.28","4"
"0.31","4"
"0.32","4"
"0.3","4"
"0.29","4"
"0.24","4"
"0.27","4"
"0.26","4"
"0.24","4"
"0.14","4"
"0.27","4"
"0.17","4"
"0.34","4"
"0.3","4"
"0.24","4"
"0.27","4"
"0.4","4"
"0.15","4"
"0.28","4"
"0.15","4"
"0.28","4"
"0.34","4"
"0.32","4"
"0.32","4"
"0.28","4"
"0.34","4"
"0.26","4"
"0.4","4"
"0.21","4"
"0.31","4"
"0.27","4"
"0.3","4"
"0.25","4"
"0.33","4"
"0.31","4"
"0.13","4"
"0.23","4"
"0.36","4"
"0.26","4"
"0.3","4"
"0.13","4"
"0.26","4"
"0.24","4"
"0.22","4"
"0.22","4"
"0.13","3"
"0.26","3"
"0.26","3"
"0.19","3"
"0.24","3"
"0.23","3"
"0.15","3"
"0.23","3"
"0.17","3"
"0.25","3"
"0.29","3"
"0.35","3"
"0.32","3"
"0.23","3"
"0.3","3"
"0.36","3"
"0.27","3"
"0.12","3"
"0.3","3"
"0.31","3"
"0.12","3"
"0.24","3"
"0.25","3"
"0.23","3"
"0.28","3"
"0.17","3"
"0.27","3"
"0.23","3"
"0.16","3"
"0.14","3"
"0.28","3"
"0.23","3"
"0.13","3"
"0.21","3"
"0.27","3"
"0.16","3"
"0.17","3"
"0.19","3"
"0.32","3"
"0.17","3"
"0.16","3"
"0.13","3"
"0.19","3"
"0.36","3"
"0.15","3"
"0.25","3"
"0.28","3"
"0.38","3"
"0.24","3"
"0.21","3"
"0.29","3"
"0.25","3"
"0.18","3"
"0.43","3"
"0.29","3"
"0.16","3"
"0.16","3"
"0.33","3"
"0.26","3"
"0.11","3"
"0.2","3"
"0.32","3"
"0.24","3"
"0.08","3"
"0.17","3"
"0.3","3"
"0.25","3"
"0.3","3"
"0.21","3"
"0.2","3"
"0.09","3"
"0.08","3"
"0.31","3"
"0.07","3"
"0.29","3"
"0.19","3"
"0.21","3"
"0.25","3"
"0.29","3"
"0.23","3"
"0.21","3"
"0.23","3"
"0.21","3"
"0.01","3"
"0.08","3"
"0.23","3"
"0.42","3"
"0.24","3"
"0.24","3"
"0.29","3"
"0.23","3"
"0.33","3"
"0.35","3"
"0.19","3"
"0.19","3"
"0.24","3"
"0.2","3"
"0.23","3"
"0.24","3"
"0.28","3"
"0.19","2"
"0.08","2"
"0.2","2"
"0.19","2"
"0.17","2"
"0.27","2"
"0.19","2"
"0.19","2"
"0.14","2"
"0.1","2"
"0.3","2"
"0.1","2"
"0.13","2"
"0.19","2"
"0.13","2"
"0.13","2"
"0.17","2"
"0.17","2"
"0.04","2"
"0.15","2"
"0.31","2"
"0.13","2"
"0.23","2"
"0.2","2"
"0.18","2"
"0.22","2"
"0.23","2"
"0.28","2"
"0.12","2"
"0.09","2"
"0.23","2"
"0.16","2"
"0.27","2"
"0.19","2"
"0.19","2"
"0.12","2"
"0.31","2"
"0.24","2"
"0.16","2"
"0.24","2"
"0.19","2"
"0.2","2"
"0.1","2"
"0.3","2"
"0.05","2"
"0.17","2"
"0.21","2"
"0.32","2"
"0.24","2"
"0.19","2"
"0.07","2"
"0.11","2"
"0.24","2"
"0.09","2"
"0.24","2"
"0.2","2"
"0.22","2"
"0.1","2"
"0.2","2"
"0.13","2"
"0.27","2"
"0.24","2"
"0.12","2"
"0.1","2"
"0.12","2"
"0.18","2"
"0.04","2"
"0.27","2"
"0.2","2"
"0.15","2"
"0.22","2"
"0.32","2"
"-0.05","2"
"0.29","2"
"0.16","2"
"0.09","2"
"0.16","2"
"0.15","2"
"0.18","2"
"0.31","2"
"0.14","2"
"0.16","2"
"-0.01","2"
"0.04","2"
"0.18","2"
"0.08","2"
"0.16","2"
"0.25","2"
"0.33","2"
"0.24","2"
"0.22","2"
"0.25","2"
"0.13","2"
"0.13","2"
"0.1","2"
"0.31","2"
"0.14","2"
"0.18","2"
"0.29","2"
"0.16","2"
