HIT,HIT_id,HIT_website_address,HIT_results_address,HIT_status,submitted_assignments,Worker_id,Assignment_id,Accept_time,Submit_time,Full_response,isBot,assignment_status,q1,q2,q3,q4,q5,q6,q7,q8,q9,q10,q11,q12,passed_negative_attention,passed_positive_attention_easy,score_all,score_gs_more_than1,score_gs_less_than1,correct_questions,incorrect_questions
0,3M93N4X8HKUT5DGYZ72Z1GPUUK9SJ0,https://workersandbox.mturk.com/mturk/preview?groupId=3EPQ0AEIVAQZLEEIR1ZQTS24B1QH8T,https://requestersandbox.mturk.com/mturk/manageHITs,Assignable,1,A10892I86DG5PR,3VE8AYVF8N5Y4BDNSLABUBTHEII8F3,2023-05-15 16:40:22-07:00,2023-05-15 16:45:06-07:00,"[{""q1"":{""-1"":true,""-2"":false,""-3"":false,""0"":false,""1"":false,""2"":false,""3"":false,""video not playing"":false},""q10"":{""-1"":false,""-2"":false,""-3"":false,""0"":false,""1"":false,""2"":true,""3"":false,""video not playing"":false},""q11"":{""-1"":false,""-2"":false,""-3"":false,""0"":false,""1"":true,""2"":false,""3"":false,""video not playing"":false},""q12"":{""-1"":true,""-2"":false,""-3"":false,""0"":false,""1"":false,""2"":false,""3"":false,""video not playing"":false},""q2"":{""-1"":false,""-2"":false,""-3"":true,""0"":false,""1"":false,""2"":false,""3"":false,""video not playing"":false},""q3"":{""-1"":false,""-2"":false,""-3"":false,""0"":true,""1"":false,""2"":false,""3"":false,""video not playing"":false},""q4"":{""-1"":false,""-2"":false,""-3"":false,""0"":false,""1"":true,""2"":false,""3"":false,""video not playing"":false},""q5"":{""-1"":true,""-2"":false,""-3"":false,""0"":false,""1"":false,""2"":false,""3"":false,""video not playing"":false},""q6"":{""-1"":false,""-2"":false,""-3"":false,""0"":false,""1"":true,""2"":false,""3"":false,""video not playing"":false},""q7"":{""-1"":false,""-2"":false,""-3"":false,""0"":true,""1"":false,""2"":false,""3"":false,""video not playing"":false},""q8"":{""-1"":true,""-2"":false,""-3"":false,""0"":false,""1"":false,""2"":false,""3"":false,""video not playing"":false},""q9"":{""-1"":false,""-2"":false,""-3"":false,""0"":false,""1"":true,""2"":false,""3"":false,""video not playing"":false},""worker_ip"":""128.189.225.114-false""}]",FALSE,Submitted,-1,-3,0,1,-1,1,0,-1,1,2,1,-1,Y,Y,75,85.71428571,33.33333333,"q1,q2,q4,q5,q6,q7,q9,q10,q12","q3,q8,q11"
20,3DFYDSXB2W79KQ82OCXZGH7IFHUUJI,https://workersandbox.mturk.com/mturk/preview?groupId=3I3MQQJ31SQD1KPNGGTWQVVBANU1J4,https://requestersandbox.mturk.com/mturk/manageHITs,Assignable,1,A10892I86DG5PR,3NC5L260MPU1P303Z2Z7RXJHTNMFOD,2023-05-15 16:57:55-07:00,2023-05-15 17:00:55-07:00,"[{""q1"":{""-1"":false,""-2"":true,""-3"":false,""0"":false,""1"":false,""2"":false,""3"":false,""video not playing"":false},""q10"":{""-1"":true,""-2"":false,""-3"":false,""0"":false,""1"":false,""2"":false,""3"":false,""video not playing"":false},""q2"":{""-1"":false,""-2"":false,""-3"":false,""0"":true,""1"":false,""2"":false,""3"":false,""video not playing"":false},""q3"":{""-1"":false,""-2"":false,""-3"":false,""0"":true,""1"":false,""2"":false,""3"":false,""video not playing"":false},""q4"":{""-1"":false,""-2"":false,""-3"":false,""0"":true,""1"":false,""2"":false,""3"":false,""video not playing"":false},""q5"":{""-1"":true,""-2"":false,""-3"":false,""0"":false,""1"":false,""2"":false,""3"":false,""video not playing"":false},""q6"":{""-1"":true,""-2"":false,""-3"":false,""0"":false,""1"":false,""2"":false,""3"":false,""video not playing"":false},""q7"":{""-1"":true,""-2"":false,""-3"":false,""0"":false,""1"":false,""2"":false,""3"":false,""video not playing"":false},""q8"":{""-1"":true,""-2"":false,""-3"":false,""0"":false,""1"":false,""2"":false,""3"":false,""video not playing"":false},""q9"":{""-1"":false,""-2"":false,""-3"":false,""0"":false,""1"":true,""2"":false,""3"":false,""video not playing"":false},""worker_ip"":""128.189.225.114-false""}]",FALSE,Submitted,-2,0,0,0,-1,-1,-1,-1,1,-1,,,Y,Y,60,75,25,"q1,q2,q6,q7,q8,q10","q3,q4,q5,q9"
31,3RWO3EJELHGPX4K2H1SZ2BOXDJ31PQ,https://workersandbox.mturk.com/mturk/preview?groupId=3HFGFN16MW96ZOF44Y2FZL1EXYOTEJ,https://requestersandbox.mturk.com/mturk/manageHITs,Assignable,1,A10892I86DG5PR,3ZWFC4W1UVF4MGSJRUGBLSOM4A6FRM,2023-05-15 17:01:22-07:00,2023-05-15 17:04:13-07:00,"[{""q1"":{""-1"":false,""-2"":false,""-3"":false,""0"":true,""1"":false,""2"":false,""3"":false,""video not playing"":false},""q10"":{""-1"":true,""-2"":false,""-3"":false,""0"":false,""1"":false,""2"":false,""3"":false,""video not playing"":false},""q2"":{""-1"":false,""-2"":false,""-3"":false,""0"":false,""1"":true,""2"":false,""3"":false,""video not playing"":false},""q3"":{""-1"":true,""-2"":false,""-3"":false,""0"":false,""1"":false,""2"":false,""3"":false,""video not playing"":false},""q4"":{""-1"":false,""-2"":false,""-3"":false,""0"":false,""1"":true,""2"":false,""3"":false,""video not playing"":false},""q5"":{""-1"":true,""-2"":false,""-3"":false,""0"":false,""1"":false,""2"":false,""3"":false,""video not playing"":false},""q6"":{""-1"":false,""-2"":false,""-3"":false,""0"":true,""1"":false,""2"":false,""3"":false,""video not playing"":false},""q7"":{""-1"":false,""-2"":false,""-3"":false,""0"":false,""1"":true,""2"":false,""3"":false,""video not playing"":false},""q8"":{""-1"":false,""-2"":false,""-3"":false,""0"":true,""1"":false,""2"":false,""3"":false,""video not playing"":false},""q9"":{""-1"":false,""-2"":false,""-3"":false,""0"":false,""1"":true,""2"":false,""3"":false,""video not playing"":false},""worker_ip"":""128.189.225.114-false""}]",FALSE,Submitted,0,1,-1,1,-1,0,1,0,1,-1,,,Y,Y,40,33.33333333,20,"q1,q5,q8,q10","q2,q3,q4,q6,q7,q9"
32,3H5TOKO3D9QYFXZGPNCSU94JUYN460,https://workersandbox.mturk.com/mturk/preview?groupId=39W86F26ZQY8AUN2D1JETW8FNQNR7I,https://requestersandbox.mturk.com/mturk/manageHITs,Assignable,1,A10892I86DG5PR,3MTMREQS4WQEYLSXF84PUQLCZ98AW7,2023-05-15 17:04:29-07:00,2023-05-15 17:07:06-07:00,"[{""q1"":{""-1"":false,""-2"":false,""-3"":false,""0"":false,""1"":true,""2"":false,""3"":false,""video not playing"":false},""q10"":{""-1"":false,""-2"":false,""-3"":false,""0"":false,""1"":true,""2"":false,""3"":false,""video not playing"":false},""q2"":{""-1"":false,""-2"":false,""-3"":false,""0"":false,""1"":false,""2"":true,""3"":false,""video not playing"":false},""q3"":{""-1"":false,""-2"":false,""-3"":false,""0"":true,""1"":false,""2"":false,""3"":false,""video not playing"":false},""q4"":{""-1"":false,""-2"":false,""-3"":false,""0"":true,""1"":false,""2"":false,""3"":false,""video not playing"":false},""q5"":{""-1"":false,""-2"":false,""-3"":false,""0"":false,""1"":true,""2"":false,""3"":false,""video not playing"":false},""q6"":{""-1"":false,""-2"":false,""-3"":false,""0"":false,""1"":true,""2"":false,""3"":false,""video not playing"":false},""q7"":{""-1"":false,""-2"":false,""-3"":false,""0"":false,""1"":true,""2"":false,""3"":false,""video not playing"":false},""q8"":{""-1"":false,""-2"":false,""-3"":false,""0"":true,""1"":false,""2"":false,""3"":false,""video not playing"":false},""q9"":{""-1"":true,""-2"":false,""-3"":false,""0"":false,""1"":false,""2"":false,""3"":false,""video not playing"":false},""worker_ip"":""128.189.225.114-false""}]",FALSE,Submitted,1,2,0,0,1,1,1,0,-1,1,,,Y,Y,70,80,33.33333333,"q1,q2,q3,q4,q5,q6,q9","q7,q8,q10"
33,3XAOZ9UYRZYAXGLHHE7O2GE7IFP1QH,https://workersandbox.mturk.com/mturk/preview?groupId=3ZBZJNFB56EY52F0Z9MLH3ME9Z3TF1,https://requestersandbox.mturk.com/mturk/manageHITs,Assignable,1,A10892I86DG5PR,3VNL7UK1XGRH2V5BVJL6L7P4SV3FTZ,2023-05-15 17:07:20-07:00,2023-05-15 17:09:42-07:00,"[{""q1"":{""-1"":false,""-2"":true,""-3"":false,""0"":false,""1"":false,""2"":false,""3"":false,""video not playing"":false},""q10"":{""-1"":false,""-2"":false,""-3"":false,""0"":false,""1"":true,""2"":false,""3"":false,""video not playing"":false},""q2"":{""-1"":false,""-2"":false,""-3"":false,""0"":true,""1"":false,""2"":false,""3"":false,""video not playing"":false},""q3"":{""-1"":false,""-2"":false,""-3"":false,""0"":false,""1"":true,""2"":false,""3"":false,""video not playing"":false},""q4"":{""-1"":true,""-2"":false,""-3"":false,""0"":false,""1"":false,""2"":false,""3"":false,""video not playing"":false},""q5"":{""-1"":true,""-2"":false,""-3"":false,""0"":false,""1"":false,""2"":false,""3"":false,""video not playing"":false},""q6"":{""-1"":false,""-2"":false,""-3"":false,""0"":false,""1"":true,""2"":false,""3"":false,""video not playing"":false},""q7"":{""-1"":false,""-2"":false,""-3"":false,""0"":true,""1"":false,""2"":false,""3"":false,""video not playing"":false},""q8"":{""-1"":false,""-2"":false,""-3"":false,""0"":true,""1"":false,""2"":false,""3"":false,""video not playing"":false},""q9"":{""-1"":false,""-2"":false,""-3"":false,""0"":false,""1"":true,""2"":false,""3"":false,""video not playing"":false},""worker_ip"":""128.189.225.114-false""}]",FALSE,Submitted,-2,0,1,-1,-1,1,0,0,1,1,,,Y,Y,60,40,66.66666667,"q1,q3,q4,q7,q8,q9","q2,q5,q6,q10"
34,307FVKVSYRMHJXDL8XHK0N4FP9747Z,https://workersandbox.mturk.com/mturk/preview?groupId=3BIF6MRRHMHCA8SLN6BK7W4AYATR85,https://requestersandbox.mturk.com/mturk/manageHITs,Assignable,1,A10892I86DG5PR,3TEM0PF1Q65JO2UO6B26DWKEJ7QD0A,2023-05-15 17:09:57-07:00,2023-05-15 17:12:19-07:00,"[{""q1"":{""-1"":true,""-2"":false,""-3"":false,""0"":false,""1"":false,""2"":false,""3"":false,""video not playing"":false},""q10"":{""-1"":false,""-2"":false,""-3"":false,""0"":false,""1"":true,""2"":false,""3"":false,""video not playing"":false},""q2"":{""-1"":true,""-2"":false,""-3"":false,""0"":false,""1"":false,""2"":false,""3"":false,""video not playing"":false},""q3"":{""-1"":false,""-2"":false,""-3"":false,""0"":true,""1"":false,""2"":false,""3"":false,""video not playing"":false},""q4"":{""-1"":false,""-2"":false,""-3"":false,""0"":false,""1"":false,""2"":true,""3"":false,""video not playing"":false},""q5"":{""-1"":true,""-2"":false,""-3"":false,""0"":false,""1"":false,""2"":false,""3"":false,""video not playing"":false},""q6"":{""-1"":true,""-2"":false,""-3"":false,""0"":false,""1"":false,""2"":false,""3"":false,""video not playing"":false},""q7"":{""-1"":false,""-2"":false,""-3"":false,""0"":false,""1"":true,""2"":false,""3"":false,""video not playing"":false},""q8"":{""-1"":true,""-2"":false,""-3"":false,""0"":false,""1"":false,""2"":false,""3"":false,""video not playing"":false},""q9"":{""-1"":false,""-2"":false,""-3"":false,""0"":true,""1"":false,""2"":false,""3"":false,""video not playing"":false},""worker_ip"":""128.189.225.114-false""}]",FALSE,Submitted,-1,-1,0,2,-1,-1,1,-1,0,1,,,Y,Y,50,100,0,"q3,q4,q5,q6,q8","q1,q2,q7,q9,q10"
35,3BAKUKE49HJA9H0HUTWO76OCE1R1RI,https://workersandbox.mturk.com/mturk/preview?groupId=3VU3J1KUFB64J2BVATS3ZOMQAE3TG0,https://requestersandbox.mturk.com/mturk/manageHITs,Assignable,1,A10892I86DG5PR,3SB4CE2TJW3TNLXNPD0BW9ZJ8BEAX0,2023-05-15 17:12:28-07:00,2023-05-15 17:15:26-07:00,"[{""q1"":{""-1"":true,""-2"":false,""-3"":false,""0"":false,""1"":false,""2"":false,""3"":false,""video not playing"":false},""q10"":{""-1"":false,""-2"":false,""-3"":false,""0"":false,""1"":true,""2"":false,""3"":false,""video not playing"":false},""q2"":{""-1"":false,""-2"":false,""-3"":false,""0"":true,""1"":false,""2"":false,""3"":false,""video not playing"":false},""q3"":{""-1"":true,""-2"":false,""-3"":false,""0"":false,""1"":false,""2"":false,""3"":false,""video not playing"":false},""q4"":{""-1"":false,""-2"":false,""-3"":false,""0"":true,""1"":false,""2"":false,""3"":false,""video not playing"":false},""q5"":{""-1"":false,""-2"":false,""-3"":false,""0"":true,""1"":false,""2"":false,""3"":false,""video not playing"":false},""q6"":{""-1"":true,""-2"":false,""-3"":false,""0"":false,""1"":false,""2"":false,""3"":false,""video not playing"":false},""q7"":{""-1"":false,""-2"":false,""-3"":false,""0"":false,""1"":true,""2"":false,""3"":false,""video not playing"":false},""q8"":{""-1"":false,""-2"":false,""-3"":false,""0"":true,""1"":false,""2"":false,""3"":false,""video not playing"":false},""q9"":{""-1"":false,""-2"":false,""-3"":false,""0"":false,""1"":true,""2"":false,""3"":false,""video not playing"":false},""worker_ip"":""128.189.225.114-false""}]",FALSE,Submitted,-1,0,-1,0,0,-1,1,0,1,1,,,Y,Y,60,50,50,"q1,q3,q4,q8,q9,q10","q2,q5,q6,q7"
36,3IVKZBIBJ0GXE7L8B7ZEP39FHS5SHV,https://workersandbox.mturk.com/mturk/preview?groupId=394QQ8LGQWJZB286L6A12IYYR5KZ3E,https://requestersandbox.mturk.com/mturk/manageHITs,Assignable,1,A10892I86DG5PR,3LOTDFNYA879UC95QOQH8RW3WPLFWP,2023-05-15 17:15:35-07:00,2023-05-15 17:18:12-07:00,"[{""q1"":{""-1"":true,""-2"":false,""-3"":false,""0"":false,""1"":false,""2"":false,""3"":false,""video not playing"":false},""q10"":{""-1"":false,""-2"":false,""-3"":false,""0"":false,""1"":true,""2"":false,""3"":false,""video not playing"":false},""q2"":{""-1"":true,""-2"":false,""-3"":false,""0"":false,""1"":false,""2"":false,""3"":false,""video not playing"":false},""q3"":{""-1"":false,""-2"":false,""-3"":false,""0"":true,""1"":false,""2"":false,""3"":false,""video not playing"":false},""q4"":{""-1"":false,""-2"":false,""-3"":false,""0"":false,""1"":true,""2"":false,""3"":false,""video not playing"":false},""q5"":{""-1"":false,""-2"":false,""-3"":false,""0"":true,""1"":false,""2"":false,""3"":false,""video not playing"":false},""q6"":{""-1"":false,""-2"":false,""-3"":false,""0"":false,""1"":true,""2"":false,""3"":false,""video not playing"":false},""q7"":{""-1"":false,""-2"":false,""-3"":false,""0"":false,""1"":true,""2"":false,""3"":false,""video not playing"":false},""q8"":{""-1"":false,""-2"":false,""-3"":false,""0"":true,""1"":false,""2"":false,""3"":false,""video not playing"":false},""q9"":{""-1"":false,""-2"":false,""-3"":false,""0"":false,""1"":true,""2"":false,""3"":false,""video not playing"":false},""worker_ip"":""128.189.225.114-false""}]",FALSE,Submitted,-1,-1,0,1,0,1,1,0,1,1,,,Y,Y,60,0,57.14285714,"q1,q2,q3,q5,q8,q10","q4,q6,q7,q9"
37,3W3RSPVVGSYFFGW2RX9CWWKAJ6ZULK,https://workersandbox.mturk.com/mturk/preview?groupId=3W850VB9FSM8C4V5Y1T8RAVOPCU1K3,https://requestersandbox.mturk.com/mturk/manageHITs,Assignable,1,A10892I86DG5PR,3S06PH7KSSCJVRF62U66R13OOZWD1D,2023-05-15 17:18:23-07:00,2023-05-15 17:21:01-07:00,"[{""q1"":{""-1"":false,""-2"":false,""-3"":false,""0"":true,""1"":false,""2"":false,""3"":false,""video not playing"":false},""q10"":{""-1"":false,""-2"":false,""-3"":false,""0"":true,""1"":false,""2"":false,""3"":false,""video not playing"":false},""q2"":{""-1"":false,""-2"":false,""-3"":false,""0"":true,""1"":false,""2"":false,""3"":false,""video not playing"":false},""q3"":{""-1"":false,""-2"":false,""-3"":false,""0"":false,""1"":true,""2"":false,""3"":false,""video not playing"":false},""q4"":{""-1"":false,""-2"":true,""-3"":false,""0"":false,""1"":false,""2"":false,""3"":false,""video not playing"":false},""q5"":{""-1"":false,""-2"":true,""-3"":false,""0"":false,""1"":false,""2"":false,""3"":false,""video not playing"":false},""q6"":{""-1"":false,""-2"":false,""-3"":false,""0"":true,""1"":false,""2"":false,""3"":false,""video not playing"":false},""q7"":{""-1"":false,""-2"":false,""-3"":false,""0"":false,""1"":true,""2"":false,""3"":false,""video not playing"":false},""q8"":{""-1"":false,""-2"":false,""-3"":false,""0"":true,""1"":false,""2"":false,""3"":false,""video not playing"":false},""q9"":{""-1"":false,""-2"":false,""-3"":false,""0"":false,""1"":true,""2"":false,""3"":false,""video not playing"":false},""worker_ip"":""128.189.225.114-false""}]",FALSE,Submitted,0,0,1,-2,-2,0,1,0,1,0,,,Y,Y,40,33.33333333,20,"q5,q6,q9,q10","q1,q2,q3,q4,q7,q8"
39,3PIOQ99R7YT53GZN3APR9OOZO1ZUNM,https://workersandbox.mturk.com/mturk/preview?groupId=3K1KXTVNBJS32SV8JD6O6NNSEHP1M8,https://requestersandbox.mturk.com/mturk/manageHITs,Assignable,1,A10892I86DG5PR,3IXEICO793RLJ2C0UQI2R1CRZW1T6B,2023-05-16 11:22:26-07:00,2023-05-16 11:24:54-07:00,"[{""q1"":{""-1"":false,""-2"":true,""-3"":false,""0"":false,""1"":false,""2"":false,""3"":false,""video not playing"":false},""q10"":{""-1"":true,""-2"":false,""-3"":false,""0"":false,""1"":false,""2"":false,""3"":false,""video not playing"":false},""q2"":{""-1"":false,""-2"":false,""-3"":false,""0"":true,""1"":false,""2"":false,""3"":false,""video not playing"":false},""q3"":{""-1"":false,""-2"":false,""-3"":false,""0"":true,""1"":false,""2"":false,""3"":false,""video not playing"":false},""q4"":{""-1"":false,""-2"":false,""-3"":false,""0"":false,""1"":true,""2"":false,""3"":false,""video not playing"":false},""q5"":{""-1"":false,""-2"":false,""-3"":false,""0"":false,""1"":true,""2"":false,""3"":false,""video not playing"":false},""q6"":{""-1"":false,""-2"":false,""-3"":false,""0"":false,""1"":true,""2"":false,""3"":false,""video not playing"":false},""q7"":{""-1"":false,""-2"":false,""-3"":false,""0"":false,""1"":false,""2"":true,""3"":false,""video not playing"":false},""q8"":{""-1"":false,""-2"":false,""-3"":false,""0"":false,""1"":false,""2"":true,""3"":false,""video not playing"":false},""q9"":{""-1"":false,""-2"":false,""-3"":false,""0"":false,""1"":true,""2"":false,""3"":false,""video not playing"":false},""worker_ip"":""128.189.225.114-false""}]",FALSE,Submitted,-2,0,0,1,1,1,2,2,1,-1,,,Y,Y,70,50,75,"q1,q2,q3,q6,q7,q8,q10","q4,q5,q9"
40,3WUVMVA7OBAF5WZ80TJU4AJERCFZAW,https://workersandbox.mturk.com/mturk/preview?groupId=33FNMBLT224NRDLKHQ2S6ONINYY40D,https://requestersandbox.mturk.com/mturk/manageHITs,Assignable,1,A10892I86DG5PR,3DY4FPOOA2WTIDE9R9LF3ER8S4VVRR,2023-05-16 11:25:10-07:00,2023-05-16 11:27:05-07:00,"[{""q1"":{""-1"":false,""-2"":false,""-3"":false,""0"":true,""1"":false,""2"":false,""3"":false,""video not playing"":false},""q10"":{""-1"":true,""-2"":false,""-3"":false,""0"":false,""1"":false,""2"":false,""3"":false,""video not playing"":false},""q2"":{""-1"":false,""-2"":true,""-3"":false,""0"":false,""1"":false,""2"":false,""3"":false,""video not playing"":false},""q3"":{""-1"":false,""-2"":false,""-3"":false,""0"":false,""1"":true,""2"":false,""3"":false,""video not playing"":false},""q4"":{""-1"":false,""-2"":false,""-3"":false,""0"":false,""1"":true,""2"":false,""3"":false,""video not playing"":false},""q5"":{""-1"":false,""-2"":false,""-3"":false,""0"":true,""1"":false,""2"":false,""3"":false,""video not playing"":false},""q6"":{""-1"":true,""-2"":false,""-3"":false,""0"":false,""1"":false,""2"":false,""3"":false,""video not playing"":false},""q7"":{""-1"":false,""-2"":false,""-3"":false,""0"":false,""1"":true,""2"":false,""3"":false,""video not playing"":false},""q8"":{""-1"":false,""-2"":false,""-3"":false,""0"":false,""1"":false,""2"":true,""3"":false,""video not playing"":false},""q9"":{""-1"":true,""-2"":false,""-3"":false,""0"":false,""1"":false,""2"":false,""3"":false,""video not playing"":false},""worker_ip"":""128.189.225.114-false""}]",FALSE,Submitted,0,-2,1,1,0,-1,1,2,-1,-1,,,Y,Y,70,80,33.33333333,"q2,q5,q6,q7,q8,q9,q10","q1,q3,q4"
41,3O0M2G5VC69LXG1ENUF4EJVLKZV49B,https://workersandbox.mturk.com/mturk/preview?groupId=3XPFDBC9D5LCODBVSYHY7SZLIGBR9U,https://requestersandbox.mturk.com/mturk/manageHITs,Assignable,1,A10892I86DG5PR,3MAOD8E57RI074RCYH5GIFJJ7IEXN8,2023-05-16 11:27:15-07:00,2023-05-16 11:29:38-07:00,"[{""q1"":{""-1"":false,""-2"":false,""-3"":false,""0"":true,""1"":false,""2"":false,""3"":false,""video not playing"":false},""q10"":{""-1"":false,""-2"":false,""-3"":false,""0"":false,""1"":true,""2"":false,""3"":false,""video not playing"":false},""q2"":{""-1"":true,""-2"":false,""-3"":false,""0"":false,""1"":false,""2"":false,""3"":false,""video not playing"":false},""q3"":{""-1"":true,""-2"":false,""-3"":false,""0"":false,""1"":false,""2"":false,""3"":false,""video not playing"":false},""q4"":{""-1"":true,""-2"":false,""-3"":false,""0"":false,""1"":false,""2"":false,""3"":false,""video not playing"":false},""q5"":{""-1"":true,""-2"":false,""-3"":false,""0"":false,""1"":false,""2"":false,""3"":false,""video not playing"":false},""q6"":{""-1"":false,""-2"":false,""-3"":false,""0"":false,""1"":true,""2"":false,""3"":false,""video not playing"":false},""q7"":{""-1"":false,""-2"":false,""-3"":false,""0"":false,""1"":true,""2"":false,""3"":false,""video not playing"":false},""q8"":{""-1"":true,""-2"":false,""-3"":false,""0"":false,""1"":false,""2"":false,""3"":false,""video not playing"":false},""q9"":{""-1"":false,""-2"":false,""-3"":false,""0"":false,""1"":true,""2"":false,""3"":false,""video not playing"":false},""worker_ip"":""128.189.225.114-false""}]",FALSE,Submitted,0,-1,-1,-1,-1,1,1,-1,1,1,,,Y,Y,50,100,0,"q1,q2,q5,q8,q10","q3,q4,q6,q7,q9"
42,3B6F54KMR2JMAW0U9IWTXGT803A1S6,https://workersandbox.mturk.com/mturk/preview?groupId=3EY3X634K3CIJY66UZALKOYRPEGTHZ,https://requestersandbox.mturk.com/mturk/manageHITs,Assignable,1,A10892I86DG5PR,358010RM5F1DF90L08R7SWDWTLGXVP,2023-05-16 11:29:47-07:00,2023-05-16 11:32:02-07:00,"[{""q1"":{""-1"":false,""-2"":false,""-3"":false,""0"":false,""1"":true,""2"":false,""3"":false,""video not playing"":false},""q10"":{""-1"":false,""-2"":false,""-3"":false,""0"":false,""1"":true,""2"":false,""3"":false,""video not playing"":false},""q2"":{""-1"":true,""-2"":false,""-3"":false,""0"":false,""1"":false,""2"":false,""3"":false,""video not playing"":false},""q3"":{""-1"":false,""-2"":false,""-3"":false,""0"":true,""1"":false,""2"":false,""3"":false,""video not playing"":false},""q4"":{""-1"":false,""-2"":false,""-3"":false,""0"":false,""1"":true,""2"":false,""3"":false,""video not playing"":false},""q5"":{""-1"":false,""-2"":false,""-3"":false,""0"":true,""1"":false,""2"":false,""3"":false,""video not playing"":false},""q6"":{""-1"":false,""-2"":false,""-3"":false,""0"":false,""1"":true,""2"":false,""3"":false,""video not playing"":false},""q7"":{""-1"":true,""-2"":false,""-3"":false,""0"":false,""1"":false,""2"":false,""3"":false,""video not playing"":false},""q8"":{""-1"":false,""-2"":false,""-3"":false,""0"":true,""1"":false,""2"":false,""3"":false,""video not playing"":false},""q9"":{""-1"":true,""-2"":false,""-3"":false,""0"":false,""1"":false,""2"":false,""3"":false,""video not playing"":false},""worker_ip"":""128.189.225.114-false""}]",FALSE,Submitted,1,-1,0,1,0,1,-1,0,-1,1,,,Y,Y,40,50,16.66666667,"q6,q7,q8,q9","q1,q2,q3,q4,q5,q10"
43,371QPA24C2VNPWD9YI1J7LPU2MO1TV,https://workersandbox.mturk.com/mturk/preview?groupId=3IYH2PD9C9QIFTHQ0HS6K0Z6PRVTIS,https://requestersandbox.mturk.com/mturk/manageHITs,Assignable,1,A10892I86DG5PR,3ZQIG0FLQFOYQ9VVQ3VLQDZPKJAVWU,2023-05-16 11:32:17-07:00,2023-05-16 11:34:36-07:00,"[{""q1"":{""-1"":true,""-2"":false,""-3"":false,""0"":false,""1"":false,""2"":false,""3"":false,""video not playing"":false},""q10"":{""-1"":false,""-2"":false,""-3"":false,""0"":true,""1"":false,""2"":false,""3"":false,""video not playing"":false},""q2"":{""-1"":false,""-2"":true,""-3"":false,""0"":false,""1"":false,""2"":false,""3"":false,""video not playing"":false},""q3"":{""-1"":false,""-2"":true,""-3"":false,""0"":false,""1"":false,""2"":false,""3"":false,""video not playing"":false},""q4"":{""-1"":true,""-2"":false,""-3"":false,""0"":false,""1"":false,""2"":false,""3"":false,""video not playing"":false},""q5"":{""-1"":false,""-2"":false,""-3"":false,""0"":true,""1"":false,""2"":false,""3"":false,""video not playing"":false},""q6"":{""-1"":true,""-2"":false,""-3"":false,""0"":false,""1"":false,""2"":false,""3"":false,""video not playing"":false},""q7"":{""-1"":true,""-2"":false,""-3"":false,""0"":false,""1"":false,""2"":false,""3"":false,""video not playing"":false},""q8"":{""-1"":false,""-2"":false,""-3"":false,""0"":true,""1"":false,""2"":false,""3"":false,""video not playing"":false},""q9"":{""-1"":false,""-2"":false,""-3"":false,""0"":true,""1"":false,""2"":false,""3"":false,""video not playing"":false},""worker_ip"":""128.189.225.114-false""}]",FALSE,Submitted,-1,-2,-2,-1,0,-1,-1,0,0,0,,,Y,Y,30,0,16.66666667,"q2,q6,q10","q1,q3,q4,q5,q7,q8,q9"
44,3W1K7D6QSBOKO64067JQZL3K9U0ZBR,https://workersandbox.mturk.com/mturk/preview?groupId=3217B3DC4OBNY262D96SKT6SSQ441G,https://requestersandbox.mturk.com/mturk/manageHITs,Assignable,1,A10892I86DG5PR,3OJSZ2ATDT4220FFC45WUZ69E4057W,2023-05-16 11:34:45-07:00,2023-05-16 11:37:43-07:00,"[{""q1"":{""-1"":false,""-2"":false,""-3"":false,""0"":true,""1"":false,""2"":false,""3"":false,""video not playing"":false},""q10"":{""-1"":true,""-2"":false,""-3"":false,""0"":false,""1"":false,""2"":false,""3"":false,""video not playing"":false},""q2"":{""-1"":false,""-2"":false,""-3"":false,""0"":true,""1"":false,""2"":false,""3"":false,""video not playing"":false},""q3"":{""-1"":false,""-2"":false,""-3"":false,""0"":true,""1"":false,""2"":false,""3"":false,""video not playing"":false},""q4"":{""-1"":false,""-2"":true,""-3"":false,""0"":false,""1"":false,""2"":false,""3"":false,""video not playing"":false},""q5"":{""-1"":false,""-2"":false,""-3"":false,""0"":false,""1"":true,""2"":false,""3"":false,""video not playing"":false},""q6"":{""-1"":false,""-2"":false,""-3"":false,""0"":true,""1"":false,""2"":false,""3"":false,""video not playing"":false},""q7"":{""-1"":false,""-2"":false,""-3"":false,""0"":false,""1"":false,""2"":true,""3"":false,""video not playing"":false},""q8"":{""-1"":false,""-2"":false,""-3"":false,""0"":false,""1"":true,""2"":false,""3"":false,""video not playing"":false},""q9"":{""-1"":true,""-2"":false,""-3"":false,""0"":false,""1"":false,""2"":false,""3"":false,""video not playing"":false},""worker_ip"":""128.189.225.114-false""}]",FALSE,Submitted,0,0,0,-2,1,0,2,1,-1,-1,,,Y,Y,30,0,25,"q2,q4,q7","q1,q3,q5,q6,q8,q9,q10"
45,3P458N04Q1O1VY4PMW2U17K57OPX2Q,https://workersandbox.mturk.com/mturk/preview?groupId=3SBFCXF7YBRGZ3M5AXVDDJWMO3CW46,https://requestersandbox.mturk.com/mturk/manageHITs,Assignable,1,A10892I86DG5PR,3XXU1SWE8N3LQVRCM1B4NVC8Y4V0AX,2023-05-16 11:39:53-07:00,2023-05-16 11:41:42-07:00,"[{""q1"":{""-1"":true,""-2"":false,""-3"":false,""0"":false,""1"":false,""2"":false,""3"":false,""video not playing"":false},""q10"":{""-1"":false,""-2"":false,""-3"":false,""0"":true,""1"":false,""2"":false,""3"":false,""video not playing"":false},""q2"":{""-1"":false,""-2"":false,""-3"":false,""0"":false,""1"":true,""2"":false,""3"":false,""video not playing"":false},""q3"":{""-1"":true,""-2"":false,""-3"":false,""0"":false,""1"":false,""2"":false,""3"":false,""video not playing"":false},""q4"":{""-1"":false,""-2"":false,""-3"":false,""0"":false,""1"":true,""2"":false,""3"":false,""video not playing"":false},""q5"":{""-1"":true,""-2"":false,""-3"":false,""0"":false,""1"":false,""2"":false,""3"":false,""video not playing"":false},""q6"":{""-1"":false,""-2"":false,""-3"":false,""0"":true,""1"":false,""2"":false,""3"":false,""video not playing"":false},""q7"":{""-1"":true,""-2"":false,""-3"":false,""0"":false,""1"":false,""2"":false,""3"":false,""video not playing"":false},""q8"":{""-1"":false,""-2"":false,""-3"":false,""0"":true,""1"":false,""2"":false,""3"":false,""video not playing"":false},""q9"":{""-1"":true,""-2"":false,""-3"":false,""0"":false,""1"":false,""2"":false,""3"":false,""video not playing"":false},""worker_ip"":""128.189.225.114-false""}]",FALSE,Submitted,-1,1,-1,1,-1,0,-1,0,-1,0,,,Y,Y,60,50,50,"q1,q2,q5,q7,q8,q9","q3,q4,q6,q10"
46,3UAU495MIIZNL1ZZ4PP4ODO4EB4UO1,https://workersandbox.mturk.com/mturk/preview?groupId=3U6C37VJ6UC9KAG8VELOJ2CSJ7Z1N8,https://requestersandbox.mturk.com/mturk/manageHITs,Assignable,1,A10892I86DG5PR,3Q5ZZ9ZEVPN62EKYM9X28Z24PO658J,2023-05-16 11:42:05-07:00,2023-05-16 11:44:44-07:00,"[{""q1"":{""-1"":false,""-2"":false,""-3"":false,""0"":false,""1"":false,""2"":true,""3"":false,""video not playing"":false},""q10"":{""-1"":false,""-2"":false,""-3"":false,""0"":false,""1"":true,""2"":false,""3"":false,""video not playing"":false},""q2"":{""-1"":false,""-2"":false,""-3"":false,""0"":true,""1"":false,""2"":false,""3"":false,""video not playing"":false},""q3"":{""-1"":false,""-2"":false,""-3"":false,""0"":false,""1"":true,""2"":false,""3"":false,""video not playing"":false},""q4"":{""-1"":false,""-2"":false,""-3"":false,""0"":false,""1"":true,""2"":false,""3"":false,""video not playing"":false},""q5"":{""-1"":false,""-2"":false,""-3"":false,""0"":true,""1"":false,""2"":false,""3"":false,""video not playing"":false},""q6"":{""-1"":false,""-2"":false,""-3"":false,""0"":false,""1"":true,""2"":false,""3"":false,""video not playing"":false},""q7"":{""-1"":true,""-2"":false,""-3"":false,""0"":false,""1"":false,""2"":false,""3"":false,""video not playing"":false},""q8"":{""-1"":true,""-2"":false,""-3"":false,""0"":false,""1"":false,""2"":false,""3"":false,""video not playing"":false},""q9"":{""-1"":false,""-2"":false,""-3"":false,""0"":false,""1"":true,""2"":false,""3"":false,""video not playing"":false},""worker_ip"":""128.189.225.114-false""}]",FALSE,Submitted,2,0,1,1,0,1,-1,-1,1,1,,,Y,Y,90,83.33333333,100,"q1,q2,q3,q4,q6,q7,q8,q9,q10",q5
47,39TX062QX1VQGG08QWGZKHPXD2PX31,https://workersandbox.mturk.com/mturk/preview?groupId=3K3YEJM750CYVMQ5O2ENIB20OZ7W5B,https://requestersandbox.mturk.com/mturk/manageHITs,Assignable,1,A10892I86DG5PR,30ZX6P7VF933NYXUVUSVZI86LP92JZ,2023-05-16 11:44:54-07:00,2023-05-16 11:47:44-07:00,"[{""q1"":{""-1"":true,""-2"":false,""-3"":false,""0"":false,""1"":false,""2"":false,""3"":false,""video not playing"":false},""q10"":{""-1"":false,""-2"":true,""-3"":false,""0"":false,""1"":false,""2"":false,""3"":false,""video not playing"":false},""q2"":{""-1"":false,""-2"":false,""-3"":false,""0"":true,""1"":false,""2"":false,""3"":false,""video not playing"":false},""q3"":{""-1"":false,""-2"":false,""-3"":false,""0"":true,""1"":false,""2"":false,""3"":false,""video not playing"":false},""q4"":{""-1"":true,""-2"":false,""-3"":false,""0"":false,""1"":false,""2"":false,""3"":false,""video not playing"":false},""q5"":{""-1"":false,""-2"":false,""-3"":false,""0"":true,""1"":false,""2"":false,""3"":false,""video not playing"":false},""q6"":{""-1"":false,""-2"":false,""-3"":false,""0"":false,""1"":false,""2"":true,""3"":false,""video not playing"":false},""q7"":{""-1"":true,""-2"":false,""-3"":false,""0"":false,""1"":false,""2"":false,""3"":false,""video not playing"":false},""q8"":{""-1"":true,""-2"":false,""-3"":false,""0"":false,""1"":false,""2"":false,""3"":false,""video not playing"":false},""q9"":{""-1"":false,""-2"":false,""-3"":false,""0"":true,""1"":false,""2"":false,""3"":false,""video not playing"":false},""worker_ip"":""128.189.225.114-false""}]",FALSE,Submitted,-1,0,0,-1,0,2,-1,-1,0,-2,,,Y,Y,70,75,50,"q1,q4,q5,q6,q7,q9,q10","q2,q3,q8"
48,3V0TR1NRVA9Z2ZBJF0T4AE65QHD4AQ,https://workersandbox.mturk.com/mturk/preview?groupId=34PM2WU5W9LQTWL0K4VY3NA5OYTRA9,https://requestersandbox.mturk.com/mturk/manageHITs,Assignable,1,A10892I86DG5PR,3JNQLM5FT5U9IOLUYF48FXLYPEE2L1,2023-05-16 11:47:54-07:00,2023-05-16 11:50:20-07:00,"[{""q1"":{""-1"":false,""-2"":true,""-3"":false,""0"":false,""1"":false,""2"":false,""3"":false,""video not playing"":false},""q10"":{""-1"":false,""-2"":false,""-3"":false,""0"":true,""1"":false,""2"":false,""3"":false,""video not playing"":false},""q2"":{""-1"":false,""-2"":false,""-3"":false,""0"":false,""1"":true,""2"":false,""3"":false,""video not playing"":false},""q3"":{""-1"":false,""-2"":false,""-3"":false,""0"":true,""1"":false,""2"":false,""3"":false,""video not playing"":false},""q4"":{""-1"":false,""-2"":true,""-3"":false,""0"":false,""1"":false,""2"":false,""3"":false,""video not playing"":false},""q5"":{""-1"":false,""-2"":true,""-3"":false,""0"":false,""1"":false,""2"":false,""3"":false,""video not playing"":false},""q6"":{""-1"":true,""-2"":false,""-3"":false,""0"":false,""1"":false,""2"":false,""3"":false,""video not playing"":false},""q7"":{""-1"":true,""-2"":false,""-3"":false,""0"":false,""1"":false,""2"":false,""3"":false,""video not playing"":false},""q8"":{""-1"":true,""-2"":false,""-3"":false,""0"":false,""1"":false,""2"":false,""3"":false,""video not playing"":false},""q9"":{""-1"":true,""-2"":false,""-3"":false,""0"":false,""1"":false,""2"":false,""3"":false,""video not playing"":false},""worker_ip"":""128.189.225.114-false""}]",FALSE,Submitted,-2,1,0,-2,-2,-1,-1,-1,-1,0,,,Y,Y,60,66.66666667,0,"q1,q3,q4,q5,q7,q9","q2,q6,q8,q10"
49,3YLPJ8OXX8KBYCJCQALIUMH3R2LX4M,https://workersandbox.mturk.com/mturk/preview?groupId=3CM00QMEULUUEQQJTLOSAHG0KUIW6R,https://requestersandbox.mturk.com/mturk/manageHITs,Assignable,1,A10892I86DG5PR,3TEM0PF1Q65JO2UO6B26DWKEJ7S0DZ,2023-05-16 11:50:32-07:00,2023-05-16 11:52:54-07:00,"[{""q1"":{""-1"":false,""-2"":false,""-3"":false,""0"":false,""1"":true,""2"":false,""3"":false,""video not playing"":false},""q10"":{""-1"":false,""-2"":false,""-3"":false,""0"":true,""1"":false,""2"":false,""3"":false,""video not playing"":false},""q2"":{""-1"":false,""-2"":false,""-3"":false,""0"":false,""1"":true,""2"":false,""3"":false,""video not playing"":false},""q3"":{""-1"":false,""-2"":true,""-3"":false,""0"":false,""1"":false,""2"":false,""3"":false,""video not playing"":false},""q4"":{""-1"":true,""-2"":false,""-3"":false,""0"":false,""1"":false,""2"":false,""3"":false,""video not playing"":false},""q5"":{""-1"":false,""-2"":false,""-3"":false,""0"":false,""1"":true,""2"":false,""3"":false,""video not playing"":false},""q6"":{""-1"":false,""-2"":false,""-3"":false,""0"":false,""1"":true,""2"":false,""3"":false,""video not playing"":false},""q7"":{""-1"":true,""-2"":false,""-3"":false,""0"":false,""1"":false,""2"":false,""3"":false,""video not playing"":false},""q8"":{""-1"":false,""-2"":false,""-3"":false,""0"":false,""1"":true,""2"":false,""3"":false,""video not playing"":false},""q9"":{""-1"":false,""-2"":false,""-3"":false,""0"":true,""1"":false,""2"":false,""3"":false,""video not playing"":false},""worker_ip"":""128.189.225.114-false""}]",FALSE,Submitted,1,1,-2,-1,1,1,-1,1,0,0,,,Y,Y,50,25,50,"q1,q3,q4,q5,q9","q2,q6,q7,q8,q10"
50,32CAVSKPCEW2P9SYYNRTCHBWL0V1UM,https://workersandbox.mturk.com/mturk/preview?groupId=3ICMLZI1INQEA41WIZD6W1E626KTJ4,https://requestersandbox.mturk.com/mturk/manageHITs,Assignable,1,A10892I86DG5PR,3KGTPGBS6YTC1E8O7TW96KHH2572UV,2023-05-16 11:53:03-07:00,2023-05-16 11:56:43-07:00,"[{""q1"":{""-1"":false,""-2"":false,""-3"":false,""0"":true,""1"":false,""2"":false,""3"":false,""video not playing"":false},""q10"":{""-1"":false,""-2"":false,""-3"":false,""0"":false,""1"":true,""2"":false,""3"":false,""video not playing"":false},""q2"":{""-1"":true,""-2"":false,""-3"":false,""0"":false,""1"":false,""2"":false,""3"":false,""video not playing"":false},""q3"":{""-1"":false,""-2"":false,""-3"":false,""0"":false,""1"":false,""2"":true,""3"":false,""video not playing"":false},""q4"":{""-1"":true,""-2"":false,""-3"":false,""0"":false,""1"":false,""2"":false,""3"":false,""video not playing"":false},""q5"":{""-1"":false,""-2"":false,""-3"":false,""0"":false,""1"":false,""2"":true,""3"":false,""video not playing"":false},""q6"":{""-1"":true,""-2"":false,""-3"":false,""0"":false,""1"":false,""2"":false,""3"":false,""video not playing"":false},""q7"":{""-1"":true,""-2"":false,""-3"":false,""0"":false,""1"":false,""2"":false,""3"":false,""video not playing"":false},""q8"":{""-1"":false,""-2"":false,""-3"":false,""0"":true,""1"":false,""2"":false,""3"":false,""video not playing"":false},""q9"":{""-1"":false,""-2"":false,""-3"":false,""0"":true,""1"":false,""2"":false,""3"":false,""video not playing"":false},""worker_ip"":""128.189.225.114-false""}]",FALSE,Submitted,0,-1,2,-1,2,-1,-1,0,0,1,,,Y,Y,60,75,25,"q1,q2,q3,q4,q5,q6","q7,q8,q9,q10"
51,3MG8450X2OH561B0JP2JDDTUOG0UPI,https://workersandbox.mturk.com/mturk/preview?groupId=3ZYIH7REHEIR2VGKWTL1YRCX9H41ON,https://requestersandbox.mturk.com/mturk/manageHITs,Assignable,1,A10892I86DG5PR,3F0BG9B9MQV04OPZN6AT5W42993Y74,2023-05-16 11:56:52-07:00,2023-05-16 11:59:21-07:00,"[{""q1"":{""-1"":false,""-2"":false,""-3"":false,""0"":true,""1"":false,""2"":false,""3"":false,""video not playing"":false},""q10"":{""-1"":false,""-2"":false,""-3"":false,""0"":false,""1"":true,""2"":false,""3"":false,""video not playing"":false},""q2"":{""-1"":false,""-2"":false,""-3"":false,""0"":false,""1"":true,""2"":false,""3"":false,""video not playing"":false},""q3"":{""-1"":false,""-2"":false,""-3"":false,""0"":true,""1"":false,""2"":false,""3"":false,""video not playing"":false},""q4"":{""-1"":true,""-2"":false,""-3"":false,""0"":false,""1"":false,""2"":false,""3"":false,""video not playing"":false},""q5"":{""-1"":false,""-2"":false,""-3"":false,""0"":false,""1"":true,""2"":false,""3"":false,""video not playing"":false},""q6"":{""-1"":false,""-2"":false,""-3"":false,""0"":false,""1"":true,""2"":false,""3"":false,""video not playing"":false},""q7"":{""-1"":false,""-2"":false,""-3"":false,""0"":false,""1"":true,""2"":false,""3"":false,""video not playing"":false},""q8"":{""-1"":false,""-2"":false,""-3"":false,""0"":false,""1"":true,""2"":false,""3"":false,""video not playing"":false},""q9"":{""-1"":false,""-2"":true,""-3"":false,""0"":false,""1"":false,""2"":false,""3"":false,""video not playing"":false},""worker_ip"":""128.189.225.114-false""}]",FALSE,Submitted,0,1,0,-1,1,1,1,1,-2,1,,,Y,Y,40,0,33.33333333,"q2,q3,q4,q10","q1,q5,q6,q7,q8,q9"
52,3SU800BH86ZQ6DCFJ2H8DIJ4TCMUQ9,https://workersandbox.mturk.com/mturk/preview?groupId=3R4WH3MP1K09NVSLBTYGNRHNJM01P4,https://requestersandbox.mturk.com/mturk/manageHITs,Assignable,1,A10892I86DG5PR,336KAV9KYR0TINSTHUTY95NUYTI2YT,2023-05-16 11:59:31-07:00,2023-05-16 12:01:47-07:00,"[{""q1"":{""-1"":false,""-2"":true,""-3"":false,""0"":false,""1"":false,""2"":false,""3"":false,""video not playing"":false},""q10"":{""-1"":true,""-2"":false,""-3"":false,""0"":false,""1"":false,""2"":false,""3"":false,""video not playing"":false},""q2"":{""-1"":false,""-2"":false,""-3"":false,""0"":true,""1"":false,""2"":false,""3"":false,""video not playing"":false},""q3"":{""-1"":false,""-2"":true,""-3"":false,""0"":false,""1"":false,""2"":false,""3"":false,""video not playing"":false},""q4"":{""-1"":true,""-2"":false,""-3"":false,""0"":false,""1"":false,""2"":false,""3"":false,""video not playing"":false},""q5"":{""-1"":false,""-2"":false,""-3"":false,""0"":false,""1"":true,""2"":false,""3"":false,""video not playing"":false},""q6"":{""-1"":true,""-2"":false,""-3"":false,""0"":false,""1"":false,""2"":false,""3"":false,""video not playing"":false},""q7"":{""-1"":false,""-2"":false,""-3"":false,""0"":true,""1"":false,""2"":false,""3"":false,""video not playing"":false},""q8"":{""-1"":true,""-2"":false,""-3"":false,""0"":false,""1"":false,""2"":false,""3"":false,""video not playing"":false},""q9"":{""-1"":false,""-2"":false,""-3"":false,""0"":false,""1"":true,""2"":false,""3"":false,""video not playing"":false},""worker_ip"":""128.189.225.114-false""}]",FALSE,Submitted,-2,0,-2,-1,1,-1,0,-1,1,-1,,,Y,Y,60,66.66666667,0,"q1,q2,q4,q5,q6,q10","q3,q7,q8,q9"
53,3V7ICJJAZAN4L9GBLET05PQB8ZY4BL,https://workersandbox.mturk.com/mturk/preview?groupId=34WBNEQO09ZVC6QSQIVUYYUB6GERB4,https://requestersandbox.mturk.com/mturk/manageHITs,Assignable,1,A10892I86DG5PR,3HRMW88U17YMSW01J419WM78SLK0MH,2023-05-16 12:01:58-07:00,2023-05-16 12:04:15-07:00,"[{""q1"":{""-1"":true,""-2"":false,""-3"":false,""0"":false,""1"":false,""2"":false,""3"":false,""video not playing"":false},""q10"":{""-1"":true,""-2"":false,""-3"":false,""0"":false,""1"":false,""2"":false,""3"":false,""video not playing"":false},""q2"":{""-1"":false,""-2"":false,""-3"":false,""0"":false,""1"":true,""2"":false,""3"":false,""video not playing"":false},""q3"":{""-1"":false,""-2"":false,""-3"":false,""0"":false,""1"":true,""2"":false,""3"":false,""video not playing"":false},""q4"":{""-1"":false,""-2"":false,""-3"":false,""0"":true,""1"":false,""2"":false,""3"":false,""video not playing"":false},""q5"":{""-1"":false,""-2"":false,""-3"":false,""0"":true,""1"":false,""2"":false,""3"":false,""video not playing"":false},""q6"":{""-1"":true,""-2"":false,""-3"":false,""0"":false,""1"":false,""2"":false,""3"":false,""video not playing"":false},""q7"":{""-1"":false,""-2"":false,""-3"":false,""0"":false,""1"":false,""2"":true,""3"":false,""video not playing"":false},""q8"":{""-1"":false,""-2"":true,""-3"":false,""0"":false,""1"":false,""2"":false,""3"":false,""video not playing"":false},""q9"":{""-1"":true,""-2"":false,""-3"":false,""0"":false,""1"":false,""2"":false,""3"":false,""video not playing"":false},""worker_ip"":""128.189.225.114-false""}]",FALSE,Submitted,-1,1,1,0,0,-1,2,-2,-1,-1,,,Y,Y,50,50,25,"q3,q5,q6,q7,q8","q1,q2,q4,q9,q10"