HIT,HIT_id,HIT_website_address,HIT_results_address,HIT_status,submitted_assignments,Worker_id,Assignment_id,Accept_time,Submit_time,Full_response,worker_ip,isBot,assignment_status,q1,q2,q3,q4,q5,q6,q7,q8,q9,q10
1,31S7M7DAGGX0F3HDRSJ2R0Y80KTTLD,https://workersandbox.mturk.com/mturk/preview?groupId=30WQ7ZZ0RTUZZJXSWT54TOXFV78H9I,https://requestersandbox.mturk.com/mturk/manageHITs,Assignable,1,A10892I86DG5PR,3QL2OFSM97QC46GH7L9T42Y96ZVNCZ,2023-04-26 21:19:36-07:00,2023-04-26 21:23:13-07:00,"[{""q1"":{""-1"":true,""-2"":false,""-3"":false,""0"":false,""1"":false,""2"":false,""3"":false,""video not playing"":false},""q10"":{""-1"":false,""-2"":false,""-3"":false,""0"":false,""1"":true,""2"":false,""3"":false,""video not playing"":false},""q2"":{""-1"":true,""-2"":false,""-3"":false,""0"":false,""1"":false,""2"":false,""3"":false,""video not playing"":false},""q3"":{""-1"":false,""-2"":false,""-3"":false,""0"":false,""1"":true,""2"":false,""3"":false,""video not playing"":false},""q4"":{""-1"":false,""-2"":false,""-3"":false,""0"":false,""1"":true,""2"":false,""3"":false,""video not playing"":false},""q5"":{""-1"":true,""-2"":false,""-3"":false,""0"":false,""1"":false,""2"":false,""3"":false,""video not playing"":false},""q6"":{""-1"":true,""-2"":false,""-3"":false,""0"":false,""1"":false,""2"":false,""3"":false,""video not playing"":false},""q7"":{""-1"":false,""-2"":true,""-3"":false,""0"":false,""1"":false,""2"":false,""3"":false,""video not playing"":false},""q8"":{""-1"":false,""-2"":false,""-3"":false,""0"":true,""1"":false,""2"":false,""3"":false,""video not playing"":false},""q9"":{""-1"":false,""-2"":false,""-3"":false,""0"":false,""1"":true,""2"":false,""3"":false,""video not playing"":false},""worker_ip"":""216.180.71.209-false""}]",216.180.71.209,false,Approved,-1,-1,1,1,-1,-1,-2,0,1,1
3,31ANT7FQN89W85NXZBM6WSZN30Z5HS,https://workersandbox.mturk.com/mturk/preview?groupId=3VRC340QZ6YI9ODHOYQ38YXPVXSAUR,https://requestersandbox.mturk.com/mturk/manageHITs,Assignable,1,A10892I86DG5PR,3L4PIM1GQUOAM79EWK8ZADV2AK2RYZ,2023-04-26 21:28:21-07:00,2023-04-26 21:30:37-07:00,"[{""q1"":{""-1"":false,""-2"":false,""-3"":false,""0"":false,""1"":true,""2"":false,""3"":false,""video not playing"":false},""q10"":{""-1"":false,""-2"":false,""-3"":true,""0"":false,""1"":false,""2"":false,""3"":false,""video not playing"":false},""q2"":{""-1"":false,""-2"":false,""-3"":false,""0"":false,""1"":true,""2"":false,""3"":false,""video not playing"":false},""q3"":{""-1"":false,""-2"":false,""-3"":false,""0"":true,""1"":false,""2"":false,""3"":false,""video not playing"":false},""q4"":{""-1"":false,""-2"":false,""-3"":false,""0"":true,""1"":false,""2"":false,""3"":false,""video not playing"":false},""q5"":{""-1"":false,""-2"":true,""-3"":false,""0"":false,""1"":false,""2"":false,""3"":false,""video not playing"":false},""q6"":{""-1"":true,""-2"":false,""-3"":false,""0"":false,""1"":false,""2"":false,""3"":false,""video not playing"":false},""q7"":{""-1"":false,""-2"":false,""-3"":false,""0"":true,""1"":false,""2"":false,""3"":false,""video not playing"":false},""q8"":{""-1"":false,""-2"":false,""-3"":false,""0"":false,""1"":true,""2"":false,""3"":false,""video not playing"":false},""q9"":{""-1"":false,""-2"":false,""-3"":false,""0"":false,""1"":true,""2"":false,""3"":false,""video not playing"":false},""worker_ip"":""216.180.71.209-false""}]",216.180.71.209,false,Approved,1,1,0,0,-2,-1,0,1,1,-3
4,3X2LT8FDHWPXSD1OS8F99FJ1KECW8K,https://workersandbox.mturk.com/mturk/preview?groupId=33VSRLCQV09YJ74ADHXHY0MHPIUCXN,https://requestersandbox.mturk.com/mturk/manageHITs,Assignable,1,A10892I86DG5PR,33PPUNGG39DARXJJS6AIOK44GE6RZQ,2023-04-26 21:31:04-07:00,2023-04-26 21:33:35-07:00,"[{""q1"":{""-1"":false,""-2"":false,""-3"":false,""0"":true,""1"":false,""2"":false,""3"":false,""video not playing"":false},""q10"":{""-1"":false,""-2"":false,""-3"":false,""0"":false,""1"":true,""2"":false,""3"":false,""video not playing"":false},""q2"":{""-1"":false,""-2"":false,""-3"":false,""0"":false,""1"":true,""2"":false,""3"":false,""video not playing"":false},""q3"":{""-1"":false,""-2"":false,""-3"":false,""0"":false,""1"":false,""2"":true,""3"":false,""video not playing"":false},""q4"":{""-1"":false,""-2"":true,""-3"":false,""0"":false,""1"":false,""2"":false,""3"":false,""video not playing"":false},""q5"":{""-1"":false,""-2"":false,""-3"":false,""0"":false,""1"":true,""2"":false,""3"":false,""video not playing"":false},""q6"":{""-1"":true,""-2"":false,""-3"":false,""0"":false,""1"":false,""2"":false,""3"":false,""video not playing"":false},""q7"":{""-1"":false,""-2"":false,""-3"":false,""0"":false,""1"":true,""2"":false,""3"":false,""video not playing"":false},""q8"":{""-1"":false,""-2"":false,""-3"":false,""0"":false,""1"":true,""2"":false,""3"":false,""video not playing"":false},""q9"":{""-1"":true,""-2"":false,""-3"":false,""0"":false,""1"":false,""2"":false,""3"":false,""video not playing"":false},""worker_ip"":""216.180.71.209-false""}]",216.180.71.209,false,Approved,0,1,2,-2,1,-1,1,1,-1,1
5,30EV7DWJTV2ED4D0EU0ZAY8QPRMY6Z,https://workersandbox.mturk.com/mturk/preview?groupId=321U9GNOWQP592QNCUF7Z3T06W484Y,https://requestersandbox.mturk.com/mturk/manageHITs,Assignable,1,A10892I86DG5PR,3PJ71Z61R5A7S12PQE1455KYXDO19P,2023-04-26 21:33:48-07:00,2023-04-26 21:37:13-07:00,"[{""q1"":{""-1"":true,""-2"":false,""-3"":false,""0"":false,""1"":false,""2"":false,""3"":false,""video not playing"":false},""q10"":{""-1"":false,""-2"":false,""-3"":false,""0"":false,""1"":true,""2"":false,""3"":false,""video not playing"":false},""q2"":{""-1"":false,""-2"":false,""-3"":false,""0"":false,""1"":true,""2"":false,""3"":false,""video not playing"":false},""q3"":{""-1"":false,""-2"":false,""-3"":false,""0"":true,""1"":false,""2"":false,""3"":false,""video not playing"":false},""q4"":{""-1"":false,""-2"":false,""-3"":false,""0"":false,""1"":true,""2"":false,""3"":false,""video not playing"":false},""q5"":{""-1"":false,""-2"":false,""-3"":false,""0"":false,""1"":true,""2"":false,""3"":false,""video not playing"":false},""q6"":{""-1"":false,""-2"":false,""-3"":false,""0"":true,""1"":false,""2"":false,""3"":false,""video not playing"":false},""q7"":{""-1"":true,""-2"":false,""-3"":false,""0"":false,""1"":false,""2"":false,""3"":false,""video not playing"":false},""q8"":{""-1"":false,""-2"":false,""-3"":false,""0"":true,""1"":false,""2"":false,""3"":false,""video not playing"":false},""q9"":{""-1"":false,""-2"":false,""-3"":false,""0"":false,""1"":true,""2"":false,""3"":false,""video not playing"":false},""worker_ip"":""216.180.71.209-false""}]",216.180.71.209,false,Approved,-1,1,0,1,1,0,-1,0,1,1
6,3X52SWXE0XCZ4GR19KVEB1FKA5XWCQ,https://workersandbox.mturk.com/mturk/preview?groupId=33YD3YS58SDNO24PEZL2VL2SXISCZK,https://requestersandbox.mturk.com/mturk/manageHITs,Assignable,1,A10892I86DG5PR,37Q970SNZFGPXGYOZK1VM0POP1CS1Q,2023-04-26 21:37:26-07:00,2023-04-26 21:40:22-07:00,"[{""q1"":{""-1"":false,""-2"":false,""-3"":false,""0"":true,""1"":false,""2"":false,""3"":false,""video not playing"":false},""q10"":{""-1"":false,""-2"":false,""-3"":false,""0"":false,""1"":true,""2"":false,""3"":false,""video not playing"":false},""q2"":{""-1"":true,""-2"":false,""-3"":false,""0"":false,""1"":false,""2"":false,""3"":false,""video not playing"":false},""q3"":{""-1"":false,""-2"":false,""-3"":false,""0"":true,""1"":false,""2"":false,""3"":false,""video not playing"":false},""q4"":{""-1"":true,""-2"":false,""-3"":false,""0"":false,""1"":false,""2"":false,""3"":false,""video not playing"":false},""q5"":{""-1"":false,""-2"":false,""-3"":false,""0"":false,""1"":true,""2"":false,""3"":false,""video not playing"":false},""q6"":{""-1"":false,""-2"":false,""-3"":false,""0"":false,""1"":true,""2"":false,""3"":false,""video not playing"":false},""q7"":{""-1"":false,""-2"":false,""-3"":false,""0"":false,""1"":false,""2"":true,""3"":false,""video not playing"":false},""q8"":{""-1"":false,""-2"":false,""-3"":false,""0"":false,""1"":true,""2"":false,""3"":false,""video not playing"":false},""q9"":{""-1"":false,""-2"":true,""-3"":false,""0"":false,""1"":false,""2"":false,""3"":false,""video not playing"":false},""worker_ip"":""216.180.71.209-false""}]",216.180.71.209,false,Approved,0,-1,0,-1,1,1,2,1,-2,1
7,3MQKOF1EE2V998XF9GQPV7X2V59WDQ,https://workersandbox.mturk.com/mturk/preview?groupId=3X20CIABYWS0R94DA13L9SHO0BLD0T,https://requestersandbox.mturk.com/mturk/manageHITs,Assignable,1,A10892I86DG5PR,3WJEQKOXA9ALXKCUIKF410VI3V61A4,2023-04-26 21:41:07-07:00,2023-04-26 21:43:54-07:00,"[{""q1"":{""-1"":true,""-2"":false,""-3"":false,""0"":false,""1"":false,""2"":false,""3"":false,""video not playing"":false},""q10"":{""-1"":true,""-2"":false,""-3"":false,""0"":false,""1"":false,""2"":false,""3"":false,""video not playing"":false},""q2"":{""-1"":false,""-2"":false,""-3"":false,""0"":false,""1"":true,""2"":false,""3"":false,""video not playing"":false},""q3"":{""-1"":false,""-2"":false,""-3"":false,""0"":true,""1"":false,""2"":false,""3"":false,""video not playing"":false},""q4"":{""-1"":false,""-2"":false,""-3"":false,""0"":false,""1"":true,""2"":false,""3"":false,""video not playing"":false},""q5"":{""-1"":true,""-2"":false,""-3"":false,""0"":false,""1"":false,""2"":false,""3"":false,""video not playing"":false},""q6"":{""-1"":false,""-2"":false,""-3"":false,""0"":false,""1"":true,""2"":false,""3"":false,""video not playing"":false},""q7"":{""-1"":true,""-2"":false,""-3"":false,""0"":false,""1"":false,""2"":false,""3"":false,""video not playing"":false},""q8"":{""-1"":false,""-2"":false,""-3"":false,""0"":false,""1"":true,""2"":false,""3"":false,""video not playing"":false},""q9"":{""-1"":false,""-2"":false,""-3"":false,""0"":false,""1"":true,""2"":false,""3"":false,""video not playing"":false},""worker_ip"":""216.180.71.209-false""}]",216.180.71.209,false,Approved,-1,1,0,1,-1,1,-1,1,1,-1
8,31MCUE39BKTFUU5I1MGVWVP2A4V3G1,https://workersandbox.mturk.com/mturk/preview?groupId=3WB9XW3MQVNSZ753EYIS86EFT9FKC6,https://requestersandbox.mturk.com/mturk/manageHITs,Assignable,1,A10892I86DG5PR,3TAYZSBPLMGWM1GKIO19RJZTH7QS27,2023-04-26 21:44:14-07:00,2023-04-26 21:47:00-07:00,"[{""q1"":{""-1"":false,""-2"":false,""-3"":false,""0"":false,""1"":true,""2"":false,""3"":false,""video not playing"":false},""q10"":{""-1"":false,""-2"":false,""-3"":false,""0"":true,""1"":false,""2"":false,""3"":false,""video not playing"":false},""q2"":{""-1"":true,""-2"":false,""-3"":false,""0"":false,""1"":false,""2"":false,""3"":false,""video not playing"":false},""q3"":{""-1"":true,""-2"":false,""-3"":false,""0"":false,""1"":false,""2"":false,""3"":false,""video not playing"":false},""q4"":{""-1"":true,""-2"":false,""-3"":false,""0"":false,""1"":false,""2"":false,""3"":false,""video not playing"":false},""q5"":{""-1"":false,""-2"":false,""-3"":false,""0"":true,""1"":false,""2"":false,""3"":false,""video not playing"":false},""q6"":{""-1"":false,""-2"":false,""-3"":false,""0"":true,""1"":false,""2"":false,""3"":false,""video not playing"":false},""q7"":{""-1"":false,""-2"":false,""-3"":false,""0"":true,""1"":false,""2"":false,""3"":false,""video not playing"":false},""q8"":{""-1"":false,""-2"":false,""-3"":false,""0"":false,""1"":true,""2"":false,""3"":false,""video not playing"":false},""q9"":{""-1"":false,""-2"":false,""-3"":false,""0"":false,""1"":true,""2"":false,""3"":false,""video not playing"":false},""worker_ip"":""216.180.71.209-false""}]",216.180.71.209,false,Approved,1,-1,-1,-1,0,0,0,1,1,0
9,3EPG8DX9LKXOLMLLIOUB511EPR95PX,https://workersandbox.mturk.com/mturk/preview?groupId=36L9PLEPXQSARDD42H62B6XX6NXM24,https://requestersandbox.mturk.com/mturk/manageHITs,Assignable,2,A10892I86DG5PR,3K3R2QNK8CBN1YTNS2BOG7PV8ALU9H,2023-04-26 21:47:19-07:00,2023-04-26 21:50:01-07:00,"[{""q1"":{""-1"":true,""-2"":false,""-3"":false,""0"":false,""1"":false,""2"":false,""3"":false,""video not playing"":false},""q10"":{""-1"":true,""-2"":false,""-3"":false,""0"":false,""1"":false,""2"":false,""3"":false,""video not playing"":false},""q2"":{""-1"":false,""-2"":false,""-3"":false,""0"":true,""1"":false,""2"":false,""3"":false,""video not playing"":false},""q3"":{""-1"":false,""-2"":false,""-3"":false,""0"":false,""1"":true,""2"":false,""3"":false,""video not playing"":false},""q4"":{""-1"":false,""-2"":false,""-3"":false,""0"":true,""1"":false,""2"":false,""3"":false,""video not playing"":false},""q5"":{""-1"":true,""-2"":false,""-3"":false,""0"":false,""1"":false,""2"":false,""3"":false,""video not playing"":false},""q6"":{""-1"":true,""-2"":false,""-3"":false,""0"":false,""1"":false,""2"":false,""3"":false,""video not playing"":false},""q7"":{""-1"":false,""-2"":false,""-3"":false,""0"":false,""1"":true,""2"":false,""3"":false,""video not playing"":false},""q8"":{""-1"":false,""-2"":false,""-3"":false,""0"":false,""1"":true,""2"":false,""3"":false,""video not playing"":false},""q9"":{""-1"":false,""-2"":false,""-3"":false,""0"":true,""1"":false,""2"":false,""3"":false,""video not playing"":false},""worker_ip"":""216.180.71.209-false""}]",216.180.71.209,false,Approved,-1,0,1,0,-1,-1,1,1,0,-1
9,3EPG8DX9LKXOLMLLIOUB511EPR95PX,https://workersandbox.mturk.com/mturk/preview?groupId=36L9PLEPXQSARDD42H62B6XX6NXM24,https://requestersandbox.mturk.com/mturk/manageHITs,Assignable,2,A1S7E4L57JFPK5,3OUYGIZWR86SDZXEBKT1DQ13XQP0P7,2023-05-12 10:36:25-07:00,2023-05-12 10:41:35-07:00,"[{""q1"":{""-1"":false,""-2"":false,""-3"":true,""0"":false,""1"":false,""2"":false,""3"":false,""video not playing"":false},""q10"":{""-1"":false,""-2"":false,""-3"":false,""0"":false,""1"":false,""2"":false,""3"":false,""video not playing"":true},""q2"":{""-1"":false,""-2"":false,""-3"":true,""0"":false,""1"":false,""2"":false,""3"":false,""video not playing"":false},""q3"":{""-1"":false,""-2"":false,""-3"":true,""0"":false,""1"":false,""2"":false,""3"":false,""video not playing"":false},""q4"":{""-1"":false,""-2"":false,""-3"":false,""0"":true,""1"":false,""2"":false,""3"":false,""video not playing"":false},""q5"":{""-1"":false,""-2"":false,""-3"":true,""0"":false,""1"":false,""2"":false,""3"":false,""video not playing"":false},""q6"":{""-1"":false,""-2"":false,""-3"":false,""0"":true,""1"":false,""2"":false,""3"":false,""video not playing"":false},""q7"":{""-1"":false,""-2"":false,""-3"":false,""0"":false,""1"":false,""2"":false,""3"":true,""video not playing"":false},""q8"":{""-1"":false,""-2"":false,""-3"":false,""0"":false,""1"":false,""2"":false,""3"":false,""video not playing"":true},""q9"":{""-1"":false,""-2"":false,""-3"":false,""0"":false,""1"":false,""2"":false,""3"":true,""video not playing"":false},""worker_ip"":""73.174.228.37-false""}]",73.174.228.37,false,Rejected,-3,-3,-3,0,-3,0,3,video not playing,3,video not playing
10,34HEO7RUG61635DHQCPHI7HFINXRAG,https://workersandbox.mturk.com/mturk/preview?groupId=3ND6XU89DJU5EYT8RXEHU35VN1ZANZ,https://requestersandbox.mturk.com/mturk/manageHITs,Assignable,1,A10892I86DG5PR,3H7XDTSHKDZF8C5018WZQCWFX3RWG9,2023-04-26 21:50:19-07:00,2023-04-26 21:53:21-07:00,"[{""q1"":{""-1"":false,""-2"":false,""-3"":false,""0"":true,""1"":false,""2"":false,""3"":false,""video not playing"":false},""q10"":{""-1"":true,""-2"":false,""-3"":false,""0"":false,""1"":false,""2"":false,""3"":false,""video not playing"":false},""q2"":{""-1"":false,""-2"":false,""-3"":false,""0"":false,""1"":true,""2"":false,""3"":false,""video not playing"":false},""q3"":{""-1"":false,""-2"":false,""-3"":false,""0"":true,""1"":false,""2"":false,""3"":false,""video not playing"":false},""q4"":{""-1"":true,""-2"":false,""-3"":false,""0"":false,""1"":false,""2"":false,""3"":false,""video not playing"":false},""q5"":{""-1"":true,""-2"":false,""-3"":false,""0"":false,""1"":false,""2"":false,""3"":false,""video not playing"":false},""q6"":{""-1"":false,""-2"":false,""-3"":false,""0"":true,""1"":false,""2"":false,""3"":false,""video not playing"":false},""q7"":{""-1"":false,""-2"":false,""-3"":false,""0"":true,""1"":false,""2"":false,""3"":false,""video not playing"":false},""q8"":{""-1"":false,""-2"":false,""-3"":false,""0"":false,""1"":true,""2"":false,""3"":false,""video not playing"":false},""q9"":{""-1"":true,""-2"":false,""-3"":false,""0"":false,""1"":false,""2"":false,""3"":false,""video not playing"":false},""worker_ip"":""216.180.71.209-false""}]",216.180.71.209,false,Approved,0,1,0,-1,-1,0,0,1,-1,-1
11,3ZC62PVYDHH2WE7MALNNRXE1KPRXXM,https://workersandbox.mturk.com/mturk/preview?groupId=3164SQ54U33S7Q9EM0P6IEU3O737XP,https://requestersandbox.mturk.com/mturk/manageHITs,Assignable,1,A10892I86DG5PR,3RANCT1ZVGP6PR8KQMPK7DKLWAOUBR,2023-04-26 21:56:36-07:00,2023-04-26 21:59:47-07:00,"[{""q1"":{""-1"":true,""-2"":false,""-3"":false,""0"":false,""1"":false,""2"":false,""3"":false,""video not playing"":false},""q10"":{""-1"":true,""-2"":false,""-3"":false,""0"":false,""1"":false,""2"":false,""3"":false,""video not playing"":false},""q2"":{""-1"":false,""-2"":false,""-3"":false,""0"":false,""1"":true,""2"":false,""3"":false,""video not playing"":false},""q3"":{""-1"":false,""-2"":false,""-3"":false,""0"":true,""1"":false,""2"":false,""3"":false,""video not playing"":false},""q4"":{""-1"":false,""-2"":false,""-3"":false,""0"":false,""1"":true,""2"":false,""3"":false,""video not playing"":false},""q5"":{""-1"":true,""-2"":false,""-3"":false,""0"":false,""1"":false,""2"":false,""3"":false,""video not playing"":false},""q6"":{""-1"":false,""-2"":false,""-3"":false,""0"":true,""1"":false,""2"":false,""3"":false,""video not playing"":false},""q7"":{""-1"":true,""-2"":false,""-3"":false,""0"":false,""1"":false,""2"":false,""3"":false,""video not playing"":false},""q8"":{""-1"":true,""-2"":false,""-3"":false,""0"":false,""1"":false,""2"":false,""3"":false,""video not playing"":false},""q9"":{""-1"":false,""-2"":false,""-3"":false,""0"":false,""1"":true,""2"":false,""3"":false,""video not playing"":false},""worker_ip"":""216.180.71.209-false""}]",216.180.71.209,false,Approved,-1,1,0,1,-1,0,-1,-1,1,-1
12,34O39PNDK6FBMFI9WQPDDI1L05IRBB,https://workersandbox.mturk.com/mturk/preview?groupId=3S5CBU44O30NWJTKSCEU9S50DB4AOE,https://requestersandbox.mturk.com/mturk/manageHITs,Assignable,1,A10892I86DG5PR,3YZ8UPK3VUUPZW0Q4MLFIXQ3EVOUCY,2023-04-26 22:00:00-07:00,2023-04-26 22:02:08-07:00,"[{""q1"":{""-1"":true,""-2"":false,""-3"":false,""0"":false,""1"":false,""2"":false,""3"":false,""video not playing"":false},""q10"":{""-1"":true,""-2"":false,""-3"":false,""0"":false,""1"":false,""2"":false,""3"":false,""video not playing"":false},""q2"":{""-1"":false,""-2"":false,""-3"":false,""0"":true,""1"":false,""2"":false,""3"":false,""video not playing"":false},""q3"":{""-1"":true,""-2"":false,""-3"":false,""0"":false,""1"":false,""2"":false,""3"":false,""video not playing"":false},""q4"":{""-1"":true,""-2"":false,""-3"":false,""0"":false,""1"":false,""2"":false,""3"":false,""video not playing"":false},""q5"":{""-1"":false,""-2"":false,""-3"":false,""0"":false,""1"":true,""2"":false,""3"":false,""video not playing"":false},""q6"":{""-1"":true,""-2"":false,""-3"":false,""0"":false,""1"":false,""2"":false,""3"":false,""video not playing"":false},""q7"":{""-1"":false,""-2"":false,""-3"":false,""0"":true,""1"":false,""2"":false,""3"":false,""video not playing"":false},""q8"":{""-1"":true,""-2"":false,""-3"":false,""0"":false,""1"":false,""2"":false,""3"":false,""video not playing"":false},""q9"":{""-1"":true,""-2"":false,""-3"":false,""0"":false,""1"":false,""2"":false,""3"":false,""video not playing"":false},""worker_ip"":""216.180.71.209-false""}]",216.180.71.209,false,Approved,-1,0,-1,-1,1,-1,0,-1,-1,-1
13,3BDORL6HKKKUWKAFAQL8O273IQIRCI,https://workersandbox.mturk.com/mturk/preview?groupId=3KBQBQZF89I5HJ5L7CR9YSAQNG0APV,https://requestersandbox.mturk.com/mturk/manageHITs,Assignable,1,A10892I86DG5PR,3ND9UOO81LAVU4J1CZTF341NTKDWLF,2023-04-26 22:02:23-07:00,2023-04-26 22:04:49-07:00,"[{""q1"":{""-1"":false,""-2"":true,""-3"":false,""0"":false,""1"":false,""2"":false,""3"":false,""video not playing"":false},""q10"":{""-1"":false,""-2"":true,""-3"":false,""0"":false,""1"":false,""2"":false,""3"":false,""video not playing"":false},""q2"":{""-1"":true,""-2"":false,""-3"":false,""0"":false,""1"":false,""2"":false,""3"":false,""video not playing"":false},""q3"":{""-1"":true,""-2"":false,""-3"":false,""0"":false,""1"":false,""2"":false,""3"":false,""video not playing"":false},""q4"":{""-1"":false,""-2"":false,""-3"":false,""0"":false,""1"":true,""2"":false,""3"":false,""video not playing"":false},""q5"":{""-1"":false,""-2"":false,""-3"":false,""0"":true,""1"":false,""2"":false,""3"":false,""video not playing"":false},""q6"":{""-1"":false,""-2"":true,""-3"":false,""0"":false,""1"":false,""2"":false,""3"":false,""video not playing"":false},""q7"":{""-1"":true,""-2"":false,""-3"":false,""0"":false,""1"":false,""2"":false,""3"":false,""video not playing"":false},""q8"":{""-1"":false,""-2"":false,""-3"":false,""0"":false,""1"":true,""2"":false,""3"":false,""video not playing"":false},""q9"":{""-1"":false,""-2"":false,""-3"":false,""0"":true,""1"":false,""2"":false,""3"":false,""video not playing"":false}}]",,,Approved,-2,-1,-1,1,0,-2,-1,1,0,-2
14,3K2CEDRACB8KLLZYR4KHRDDX0PJTMF,https://workersandbox.mturk.com/mturk/preview?groupId=37WXWKHWAXUD427XOZJ4PJ8Z1PQHAX,https://requestersandbox.mturk.com/mturk/manageHITs,Assignable,1,A10892I86DG5PR,3EJPLAJKENOH5ELZ0I7KDPD8KRSZ60,2023-04-26 22:05:05-07:00,2023-04-26 22:07:43-07:00,"[{""q1"":{""-1"":false,""-2"":false,""-3"":false,""0"":true,""1"":false,""2"":false,""3"":false,""video not playing"":false},""q10"":{""-1"":false,""-2"":false,""-3"":false,""0"":false,""1"":true,""2"":false,""3"":false,""video not playing"":false},""q2"":{""-1"":false,""-2"":false,""-3"":false,""0"":false,""1"":true,""2"":false,""3"":false,""video not playing"":false},""q3"":{""-1"":false,""-2"":false,""-3"":false,""0"":true,""1"":false,""2"":false,""3"":false,""video not playing"":false},""q4"":{""-1"":false,""-2"":false,""-3"":false,""0"":true,""1"":false,""2"":false,""3"":false,""video not playing"":false},""q5"":{""-1"":false,""-2"":false,""-3"":false,""0"":false,""1"":true,""2"":false,""3"":false,""video not playing"":false},""q6"":{""-1"":false,""-2"":false,""-3"":false,""0"":false,""1"":true,""2"":false,""3"":false,""video not playing"":false},""q7"":{""-1"":true,""-2"":false,""-3"":false,""0"":false,""1"":false,""2"":false,""3"":false,""video not playing"":false},""q8"":{""-1"":false,""-2"":true,""-3"":false,""0"":false,""1"":false,""2"":false,""3"":false,""video not playing"":false},""q9"":{""-1"":false,""-2"":false,""-3"":false,""0"":false,""1"":true,""2"":false,""3"":false,""video not playing"":false},""worker_ip"":""216.180.71.209-false""}]",216.180.71.209,false,Approved,0,1,0,0,1,1,-1,-2,1,1
15,3Z8UJEJOCZK0FKIANGAL4E3F6R039A,https://workersandbox.mturk.com/mturk/preview?groupId=3BKZR1PB4GL3JQW2475PM6M5XN4K6E,https://requestersandbox.mturk.com/mturk/manageHITs,Assignable,1,A10892I86DG5PR,3NKQQ8O39ZDZ4O644IGQ238LZV0UDY,2023-04-26 22:07:59-07:00,2023-04-26 22:10:34-07:00,"[{""q1"":{""-1"":true,""-2"":false,""-3"":false,""0"":false,""1"":false,""2"":false,""3"":false,""video not playing"":false},""q10"":{""-1"":false,""-2"":false,""-3"":false,""0"":true,""1"":false,""2"":false,""3"":false,""video not playing"":false},""q2"":{""-1"":false,""-2"":true,""-3"":false,""0"":false,""1"":false,""2"":false,""3"":false,""video not playing"":false},""q3"":{""-1"":true,""-2"":false,""-3"":false,""0"":false,""1"":false,""2"":false,""3"":false,""video not playing"":false},""q4"":{""-1"":false,""-2"":false,""-3"":false,""0"":false,""1"":false,""2"":true,""3"":false,""video not playing"":false},""q5"":{""-1"":false,""-2"":false,""-3"":false,""0"":true,""1"":false,""2"":false,""3"":false,""video not playing"":false},""q6"":{""-1"":true,""-2"":false,""-3"":false,""0"":false,""1"":false,""2"":false,""3"":false,""video not playing"":false},""q7"":{""-1"":false,""-2"":false,""-3"":false,""0"":false,""1"":true,""2"":false,""3"":false,""video not playing"":false},""q8"":{""-1"":false,""-2"":false,""-3"":false,""0"":false,""1"":true,""2"":false,""3"":false,""video not playing"":false},""q9"":{""-1"":true,""-2"":false,""-3"":false,""0"":false,""1"":false,""2"":false,""3"":false,""video not playing"":false},""worker_ip"":""216.180.71.209-false""}]",216.180.71.209,false,Approved,-1,-2,-1,2,0,-1,1,1,-1,0
16,3U74KRR67MSQ33KY35ZH4S2X5FTTNF,https://workersandbox.mturk.com/mturk/preview?groupId=373MH2DFEX8INCCPUDJ0KUS5J7BHBS,https://requestersandbox.mturk.com/mturk/manageHITs,Assignable,2,A10892I86DG5PR,382M9COHEIN4WUK40DRA8LQ6Z71UER,2023-04-26 22:11:04-07:00,2023-04-26 22:13:49-07:00,"[{""q1"":{""-1"":false,""-2"":true,""-3"":false,""0"":false,""1"":false,""2"":false,""3"":false,""video not playing"":false},""q10"":{""-1"":false,""-2"":false,""-3"":false,""0"":true,""1"":false,""2"":false,""3"":false,""video not playing"":false},""q2"":{""-1"":true,""-2"":false,""-3"":false,""0"":false,""1"":false,""2"":false,""3"":false,""video not playing"":false},""q3"":{""-1"":true,""-2"":false,""-3"":false,""0"":false,""1"":false,""2"":false,""3"":false,""video not playing"":false},""q4"":{""-1"":true,""-2"":false,""-3"":false,""0"":false,""1"":false,""2"":false,""3"":false,""video not playing"":false},""q5"":{""-1"":true,""-2"":false,""-3"":false,""0"":false,""1"":false,""2"":false,""3"":false,""video not playing"":false},""q6"":{""-1"":true,""-2"":false,""-3"":false,""0"":false,""1"":false,""2"":false,""3"":false,""video not playing"":false},""q7"":{""-1"":false,""-2"":false,""-3"":false,""0"":true,""1"":false,""2"":false,""3"":false,""video not playing"":false},""q8"":{""-1"":false,""-2"":false,""-3"":false,""0"":false,""1"":true,""2"":false,""3"":false,""video not playing"":false},""q9"":{""-1"":true,""-2"":false,""-3"":false,""0"":false,""1"":false,""2"":false,""3"":false,""video not playing"":false},""worker_ip"":""216.180.71.209-false""}]",216.180.71.209,false,Approved,-2,-1,-1,-1,-1,-1,0,1,-1,0
16,3U74KRR67MSQ33KY35ZH4S2X5FTTNF,https://workersandbox.mturk.com/mturk/preview?groupId=373MH2DFEX8INCCPUDJ0KUS5J7BHBS,https://requestersandbox.mturk.com/mturk/manageHITs,Assignable,2,A1YDT482SXNWM6,3JRJSWSMQITKX07LLTV9LC06MUW3E7,2023-05-04 12:05:12-07:00,2023-05-04 12:09:31-07:00,"[{""q1"":{""-1"":false,""-2"":false,""-3"":true,""0"":false,""1"":false,""2"":false,""3"":false,""video not playing"":false},""q10"":{""-1"":false,""-2"":false,""-3"":true,""0"":false,""1"":false,""2"":false,""3"":false,""video not playing"":false},""q2"":{""-1"":false,""-2"":false,""-3"":false,""0"":false,""1"":false,""2"":false,""3"":true,""video not playing"":false},""q3"":{""-1"":false,""-2"":false,""-3"":false,""0"":false,""1"":false,""2"":false,""3"":true,""video not playing"":false},""q4"":{""-1"":false,""-2"":false,""-3"":false,""0"":false,""1"":false,""2"":false,""3"":true,""video not playing"":false},""q5"":{""-1"":false,""-2"":false,""-3"":true,""0"":false,""1"":false,""2"":false,""3"":false,""video not playing"":false},""q6"":{""-1"":false,""-2"":false,""-3"":false,""0"":false,""1"":false,""2"":false,""3"":true,""video not playing"":false},""q7"":{""-1"":false,""-2"":false,""-3"":false,""0"":true,""1"":false,""2"":false,""3"":false,""video not playing"":false},""q8"":{""-1"":false,""-2"":false,""-3"":true,""0"":false,""1"":false,""2"":false,""3"":false,""video not playing"":false},""q9"":{""-1"":false,""-2"":false,""-3"":false,""0"":false,""1"":false,""2"":false,""3"":true,""video not playing"":false},""worker_ip"":""44.203.173.164-true""}]",44.203.173.164,true,Approved,-3,3,3,3,-3,3,0,-3,3,-3
17,30Y6N4AHYP341CGTAMGJ88PL3QURDI,https://workersandbox.mturk.com/mturk/preview?groupId=3QPQ7LAZER0QHV607P6YYX00SCMAQM,https://requestersandbox.mturk.com/mturk/manageHITs,Assignable,1,A10892I86DG5PR,3QY5DC2MXSSW28K0VOBGQ3B6B8GUF9,2023-04-26 22:14:16-07:00,2023-04-26 22:17:36-07:00,"[{""q1"":{""-1"":false,""-2"":false,""-3"":false,""0"":true,""1"":false,""2"":false,""3"":false,""video not playing"":false},""q10"":{""-1"":false,""-2"":false,""-3"":false,""0"":false,""1"":true,""2"":false,""3"":false,""video not playing"":false},""q2"":{""-1"":false,""-2"":false,""-3"":false,""0"":true,""1"":false,""2"":false,""3"":false,""video not playing"":false},""q3"":{""-1"":false,""-2"":false,""-3"":false,""0"":true,""1"":false,""2"":false,""3"":false,""video not playing"":false},""q4"":{""-1"":false,""-2"":false,""-3"":false,""0"":false,""1"":true,""2"":false,""3"":false,""video not playing"":false},""q5"":{""-1"":true,""-2"":false,""-3"":false,""0"":false,""1"":false,""2"":false,""3"":false,""video not playing"":false},""q6"":{""-1"":false,""-2"":false,""-3"":false,""0"":false,""1"":true,""2"":false,""3"":false,""video not playing"":false},""q7"":{""-1"":false,""-2"":false,""-3"":false,""0"":true,""1"":false,""2"":false,""3"":false,""video not playing"":false},""q8"":{""-1"":false,""-2"":false,""-3"":false,""0"":false,""1"":true,""2"":false,""3"":false,""video not playing"":false},""q9"":{""-1"":true,""-2"":false,""-3"":false,""0"":false,""1"":false,""2"":false,""3"":false,""video not playing"":false},""worker_ip"":""216.180.71.209-false""}]",216.180.71.209,false,Approved,0,0,0,1,-1,1,0,1,-1,1
18,3ZZAYRN1I6Y8LOKA4KZUJH22VPYTOU,https://workersandbox.mturk.com/mturk/preview?groupId=3ES7ZYWJEBD1XH4V8DFVVEYN1SBHCZ,https://requestersandbox.mturk.com/mturk/manageHITs,Assignable,1,A10892I86DG5PR,3KXIR214I5ODKGE9SN5RTGJN3RO42D,2023-04-26 22:17:52-07:00,2023-04-26 22:20:26-07:00,"[{""q1"":{""-1"":false,""-2"":false,""-3"":false,""0"":true,""1"":false,""2"":false,""3"":false,""video not playing"":false},""q10"":{""-1"":false,""-2"":false,""-3"":false,""0"":false,""1"":true,""2"":false,""3"":false,""video not playing"":false},""q2"":{""-1"":false,""-2"":false,""-3"":false,""0"":false,""1"":true,""2"":false,""3"":false,""video not playing"":false},""q3"":{""-1"":true,""-2"":false,""-3"":false,""0"":false,""1"":false,""2"":false,""3"":false,""video not playing"":false},""q4"":{""-1"":false,""-2"":false,""-3"":false,""0"":false,""1"":true,""2"":false,""3"":false,""video not playing"":false},""q5"":{""-1"":false,""-2"":false,""-3"":false,""0"":true,""1"":false,""2"":false,""3"":false,""video not playing"":false},""q6"":{""-1"":false,""-2"":true,""-3"":false,""0"":false,""1"":false,""2"":false,""3"":false,""video not playing"":false},""q7"":{""-1"":true,""-2"":false,""-3"":false,""0"":false,""1"":false,""2"":false,""3"":false,""video not playing"":false},""q8"":{""-1"":false,""-2"":false,""-3"":false,""0"":true,""1"":false,""2"":false,""3"":false,""video not playing"":false},""q9"":{""-1"":false,""-2"":false,""-3"":false,""0"":false,""1"":true,""2"":false,""3"":false,""video not playing"":false},""worker_ip"":""216.180.71.209-false""}]",216.180.71.209,false,Approved,0,1,-1,1,0,-2,-1,0,1,1
19,3R5OYNIC2CGQ6OWBJKC98H7S5UUTPB,https://workersandbox.mturk.com/mturk/preview?groupId=33DPVH0JSGWB29A989A6FKG5MSNHDZ,https://requestersandbox.mturk.com/mturk/manageHITs,Assignable,1,A10892I86DG5PR,3SEPORI8WO7ISGX2QVOWTUFUGAIZAQ,2023-04-26 22:20:56-07:00,2023-04-26 22:23:16-07:00,"[{""q1"":{""-1"":false,""-2"":true,""-3"":false,""0"":false,""1"":false,""2"":false,""3"":false,""video not playing"":false},""q10"":{""-1"":true,""-2"":false,""-3"":false,""0"":false,""1"":false,""2"":false,""3"":false,""video not playing"":false},""q2"":{""-1"":false,""-2"":false,""-3"":false,""0"":true,""1"":false,""2"":false,""3"":false,""video not playing"":false},""q3"":{""-1"":false,""-2"":false,""-3"":false,""0"":false,""1"":true,""2"":false,""3"":false,""video not playing"":false},""q4"":{""-1"":false,""-2"":false,""-3"":false,""0"":false,""1"":true,""2"":false,""3"":false,""video not playing"":false},""q5"":{""-1"":true,""-2"":false,""-3"":false,""0"":false,""1"":false,""2"":false,""3"":false,""video not playing"":false},""q6"":{""-1"":false,""-2"":true,""-3"":false,""0"":false,""1"":false,""2"":false,""3"":false,""video not playing"":false},""q7"":{""-1"":true,""-2"":false,""-3"":false,""0"":false,""1"":false,""2"":false,""3"":false,""video not playing"":false},""q8"":{""-1"":true,""-2"":false,""-3"":false,""0"":false,""1"":false,""2"":false,""3"":false,""video not playing"":false},""q9"":{""-1"":false,""-2"":false,""-3"":false,""0"":false,""1"":true,""2"":false,""3"":false,""video not playing"":false},""worker_ip"":""216.180.71.209-false""}]",216.180.71.209,false,Approved,-2,0,1,1,-1,-2,-1,-1,1,-1
21,3L7SUC0TTU1J5C27T2W772BS3EN0MB,https://workersandbox.mturk.com/mturk/preview?groupId=3R4042Q91CDOMXXZ4PHW0Z7DIQQFFA,https://requestersandbox.mturk.com/mturk/manageHITs,Assignable,1,A10892I86DG5PR,3TE22NPXPCKNNUTWW1OFMVGLN5K449,2023-04-26 22:23:46-07:00,2023-04-26 22:26:32-07:00,"[{""q1"":{""-1"":false,""-2"":false,""-3"":false,""0"":false,""1"":true,""2"":false,""3"":false,""video not playing"":false},""q10"":{""-1"":false,""-2"":true,""-3"":false,""0"":false,""1"":false,""2"":false,""3"":false,""video not playing"":false},""q2"":{""-1"":false,""-2"":true,""-3"":false,""0"":false,""1"":false,""2"":false,""3"":false,""video not playing"":false},""q3"":{""-1"":true,""-2"":false,""-3"":false,""0"":false,""1"":false,""2"":false,""3"":false,""video not playing"":false},""q4"":{""-1"":false,""-2"":false,""-3"":false,""0"":false,""1"":true,""2"":false,""3"":false,""video not playing"":false},""q5"":{""-1"":true,""-2"":false,""-3"":false,""0"":false,""1"":false,""2"":false,""3"":false,""video not playing"":false},""q6"":{""-1"":false,""-2"":false,""-3"":false,""0"":false,""1"":true,""2"":false,""3"":false,""video not playing"":false},""q7"":{""-1"":true,""-2"":false,""-3"":false,""0"":false,""1"":false,""2"":false,""3"":false,""video not playing"":false},""q8"":{""-1"":false,""-2"":true,""-3"":false,""0"":false,""1"":false,""2"":false,""3"":false,""video not playing"":false},""q9"":{""-1"":false,""-2"":false,""-3"":false,""0"":true,""1"":false,""2"":false,""3"":false,""video not playing"":false},""worker_ip"":""216.180.71.209-false""}]",216.180.71.209,false,Approved,1,-2,-1,1,-1,1,-1,-2,0,-2
22,3ZVPAMTJWNA7DWQKCCHRETSIGIARGS,https://workersandbox.mturk.com/mturk/preview?groupId=34LHDG0NEUL2UBLDZTV3TXF1A07ASB,https://requestersandbox.mturk.com/mturk/manageHITs,Assignable,1,A10892I86DG5PR,3LKC68YZ3BB30PMYPR97VL5HOPIWOW,2023-04-26 22:26:50-07:00,2023-04-26 22:29:39-07:00,"[{""q1"":{""-1"":false,""-2"":false,""-3"":false,""0"":true,""1"":false,""2"":false,""3"":false,""video not playing"":false},""q10"":{""-1"":true,""-2"":false,""-3"":false,""0"":false,""1"":false,""2"":false,""3"":false,""video not playing"":false},""q2"":{""-1"":true,""-2"":false,""-3"":false,""0"":false,""1"":false,""2"":false,""3"":false,""video not playing"":false},""q3"":{""-1"":false,""-2"":false,""-3"":false,""0"":false,""1"":true,""2"":false,""3"":false,""video not playing"":false},""q4"":{""-1"":false,""-2"":false,""-3"":false,""0"":true,""1"":false,""2"":false,""3"":false,""video not playing"":false},""q5"":{""-1"":false,""-2"":true,""-3"":false,""0"":false,""1"":false,""2"":false,""3"":false,""video not playing"":false},""q6"":{""-1"":true,""-2"":false,""-3"":false,""0"":false,""1"":false,""2"":false,""3"":false,""video not playing"":false},""q7"":{""-1"":false,""-2"":false,""-3"":false,""0"":false,""1"":true,""2"":false,""3"":false,""video not playing"":false},""q8"":{""-1"":false,""-2"":true,""-3"":false,""0"":false,""1"":false,""2"":false,""3"":false,""video not playing"":false},""q9"":{""-1"":false,""-2"":false,""-3"":false,""0"":false,""1"":true,""2"":false,""3"":false,""video not playing"":false},""worker_ip"":""216.180.71.209-false""}]",216.180.71.209,false,Approved,0,-1,1,0,-2,-1,1,-2,1,-1
23,3J94SKDEKIWFWPIVDF3G57KPB865DJ,https://workersandbox.mturk.com/mturk/preview?groupId=30GSXMI5ZUX39BYSOT0T32BNCJLAT0,https://requestersandbox.mturk.com/mturk/manageHITs,Assignable,1,A10892I86DG5PR,3DQQ64TANHTLLPYZ4RMMKLA7YUEWPD,2023-04-26 22:29:53-07:00,2023-04-26 22:32:09-07:00,"[{""q1"":{""-1"":false,""-2"":false,""-3"":false,""0"":false,""1"":true,""2"":false,""3"":false,""video not playing"":false},""q10"":{""-1"":false,""-2"":false,""-3"":false,""0"":false,""1"":false,""2"":true,""3"":false,""video not playing"":false},""q2"":{""-1"":false,""-2"":false,""-3"":false,""0"":true,""1"":false,""2"":false,""3"":false,""video not playing"":false},""q3"":{""-1"":false,""-2"":false,""-3"":false,""0"":true,""1"":false,""2"":false,""3"":false,""video not playing"":false},""q4"":{""-1"":false,""-2"":true,""-3"":false,""0"":false,""1"":false,""2"":false,""3"":false,""video not playing"":false},""q5"":{""-1"":false,""-2"":true,""-3"":false,""0"":false,""1"":false,""2"":false,""3"":false,""video not playing"":false},""q6"":{""-1"":true,""-2"":false,""-3"":false,""0"":false,""1"":false,""2"":false,""3"":false,""video not playing"":false},""q7"":{""-1"":false,""-2"":false,""-3"":false,""0"":false,""1"":true,""2"":false,""3"":false,""video not playing"":false},""q8"":{""-1"":true,""-2"":false,""-3"":false,""0"":false,""1"":false,""2"":false,""3"":false,""video not playing"":false},""q9"":{""-1"":false,""-2"":false,""-3"":false,""0"":false,""1"":true,""2"":false,""3"":false,""video not playing"":false},""worker_ip"":""216.180.71.209-false""}]",216.180.71.209,false,Approved,1,0,0,-2,-2,-1,1,-1,1,2
24,3HUR21WDDUWRWJXWFH9PABLAMVLXYS,https://workersandbox.mturk.com/mturk/preview?groupId=3JOPS26JUGIH7VZORWB81S1CQDX7YV,https://requestersandbox.mturk.com/mturk/manageHITs,Assignable,1,A10892I86DG5PR,3A1PQ49WVIP077K8OQPWIMIMGQW1HF,2023-04-26 22:32:27-07:00,2023-04-26 22:34:48-07:00,"[{""q1"":{""-1"":false,""-2"":false,""-3"":false,""0"":false,""1"":true,""2"":false,""3"":false,""video not playing"":false},""q10"":{""-1"":false,""-2"":false,""-3"":false,""0"":true,""1"":false,""2"":false,""3"":false,""video not playing"":false},""q2"":{""-1"":true,""-2"":false,""-3"":false,""0"":false,""1"":false,""2"":false,""3"":false,""video not playing"":false},""q3"":{""-1"":false,""-2"":false,""-3"":false,""0"":true,""1"":false,""2"":false,""3"":false,""video not playing"":false},""q4"":{""-1"":false,""-2"":false,""-3"":false,""0"":false,""1"":true,""2"":false,""3"":false,""video not playing"":false},""q5"":{""-1"":false,""-2"":false,""-3"":false,""0"":true,""1"":false,""2"":false,""3"":false,""video not playing"":false},""q6"":{""-1"":true,""-2"":false,""-3"":false,""0"":false,""1"":false,""2"":false,""3"":false,""video not playing"":false},""q7"":{""-1"":false,""-2"":true,""-3"":false,""0"":false,""1"":false,""2"":false,""3"":false,""video not playing"":false},""q8"":{""-1"":false,""-2"":true,""-3"":false,""0"":false,""1"":false,""2"":false,""3"":false,""video not playing"":false},""q9"":{""-1"":false,""-2"":false,""-3"":false,""0"":true,""1"":false,""2"":false,""3"":false,""video not playing"":false},""worker_ip"":""216.180.71.209-false""}]",216.180.71.209,false,Approved,1,-1,0,1,0,-1,-2,-2,0,0
25,3VCK0Q0PO5LPNUN753B7KH0S84X0NB,https://workersandbox.mturk.com/mturk/preview?groupId=3NN44GVSBH5U0XTUF9NEIK7PJ5QFG9,https://requestersandbox.mturk.com/mturk/manageHITs,Assignable,1,A10892I86DG5PR,39ZSFO5CA94C7A6WEE21513Y4FXUJC,2023-04-26 22:35:04-07:00,2023-04-26 22:37:43-07:00,"[{""q1"":{""-1"":false,""-2"":false,""-3"":false,""0"":true,""1"":false,""2"":false,""3"":false,""video not playing"":false},""q10"":{""-1"":false,""-2"":false,""-3"":false,""0"":false,""1"":true,""2"":false,""3"":false,""video not playing"":false},""q2"":{""-1"":true,""-2"":false,""-3"":false,""0"":false,""1"":false,""2"":false,""3"":false,""video not playing"":false},""q3"":{""-1"":false,""-2"":true,""-3"":false,""0"":false,""1"":false,""2"":false,""3"":false,""video not playing"":false},""q4"":{""-1"":true,""-2"":false,""-3"":false,""0"":false,""1"":false,""2"":false,""3"":false,""video not playing"":false},""q5"":{""-1"":true,""-2"":false,""-3"":false,""0"":false,""1"":false,""2"":false,""3"":false,""video not playing"":false},""q6"":{""-1"":false,""-2"":false,""-3"":false,""0"":false,""1"":true,""2"":false,""3"":false,""video not playing"":false},""q7"":{""-1"":true,""-2"":false,""-3"":false,""0"":false,""1"":false,""2"":false,""3"":false,""video not playing"":false},""q8"":{""-1"":false,""-2"":false,""-3"":false,""0"":true,""1"":false,""2"":false,""3"":false,""video not playing"":false},""q9"":{""-1"":true,""-2"":false,""-3"":false,""0"":false,""1"":false,""2"":false,""3"":false,""video not playing"":false},""worker_ip"":""216.180.71.209-false""}]",216.180.71.209,false,Approved,0,-1,-2,-1,-1,1,-1,0,-1,1
26,36FQTHX3Z3YJ3DX7L0OHVKY5UR33BK,https://workersandbox.mturk.com/mturk/preview?groupId=3UMLY1W0PYHMNQA7NHAHSKM1SYOK7D,https://requestersandbox.mturk.com/mturk/manageHITs,Assignable,1,A10892I86DG5PR,3X0H8UUIT2WIYHERW8QGFQFILELWST,2023-04-26 22:37:58-07:00,2023-04-26 22:40:22-07:00,"[{""q1"":{""-1"":false,""-2"":false,""-3"":false,""0"":false,""1"":true,""2"":false,""3"":false,""video not playing"":false},""q10"":{""-1"":false,""-2"":true,""-3"":false,""0"":false,""1"":false,""2"":false,""3"":false,""video not playing"":false},""q2"":{""-1"":false,""-2"":true,""-3"":false,""0"":false,""1"":false,""2"":false,""3"":false,""video not playing"":false},""q3"":{""-1"":true,""-2"":false,""-3"":false,""0"":false,""1"":false,""2"":false,""3"":false,""video not playing"":false},""q4"":{""-1"":true,""-2"":false,""-3"":false,""0"":false,""1"":false,""2"":false,""3"":false,""video not playing"":false},""q5"":{""-1"":false,""-2"":false,""-3"":false,""0"":true,""1"":false,""2"":false,""3"":false,""video not playing"":false},""q6"":{""-1"":false,""-2"":false,""-3"":false,""0"":true,""1"":false,""2"":false,""3"":false,""video not playing"":false},""q7"":{""-1"":true,""-2"":false,""-3"":false,""0"":false,""1"":false,""2"":false,""3"":false,""video not playing"":false},""q8"":{""-1"":false,""-2"":true,""-3"":false,""0"":false,""1"":false,""2"":false,""3"":false,""video not playing"":false},""q9"":{""-1"":false,""-2"":false,""-3"":false,""0"":false,""1"":true,""2"":false,""3"":false,""video not playing"":false},""worker_ip"":""216.180.71.209-false""}]",216.180.71.209,false,Approved,1,-2,-1,-1,0,0,-1,-2,1,-2
27,3KVQ0UJWPXSE5VIMUA86XV9AIOBW5I,https://workersandbox.mturk.com/mturk/preview?groupId=32NM6IFD3KH623AF8CMUETNDV0DCUV,https://requestersandbox.mturk.com/mturk/manageHITs,Assignable,1,A10892I86DG5PR,3EF8EXOTT23WYDFYCQSHUZY1TI01JK,2023-04-26 22:40:35-07:00,2023-04-26 22:42:50-07:00,"[{""q1"":{""-1"":true,""-2"":false,""-3"":false,""0"":false,""1"":false,""2"":false,""3"":false,""video not playing"":false},""q10"":{""-1"":false,""-2"":false,""-3"":false,""0"":true,""1"":false,""2"":false,""3"":false,""video not playing"":false},""q2"":{""-1"":false,""-2"":false,""-3"":false,""0"":false,""1"":true,""2"":false,""3"":false,""video not playing"":false},""q3"":{""-1"":false,""-2"":false,""-3"":false,""0"":true,""1"":false,""2"":false,""3"":false,""video not playing"":false},""q4"":{""-1"":false,""-2"":false,""-3"":false,""0"":false,""1"":true,""2"":false,""3"":false,""video not playing"":false},""q5"":{""-1"":true,""-2"":false,""-3"":false,""0"":false,""1"":false,""2"":false,""3"":false,""video not playing"":false},""q6"":{""-1"":true,""-2"":false,""-3"":false,""0"":false,""1"":false,""2"":false,""3"":false,""video not playing"":false},""q7"":{""-1"":false,""-2"":true,""-3"":false,""0"":false,""1"":false,""2"":false,""3"":false,""video not playing"":false},""q8"":{""-1"":false,""-2"":false,""-3"":false,""0"":true,""1"":false,""2"":false,""3"":false,""video not playing"":false},""q9"":{""-1"":false,""-2"":true,""-3"":false,""0"":false,""1"":false,""2"":false,""3"":false,""video not playing"":false},""worker_ip"":""216.180.71.209-false""}]",216.180.71.209,false,Approved,-1,1,0,1,-1,-1,-2,0,-2,0
28,3D4BBDG7ZH32DIPDZ0KC644NCC33CR,https://workersandbox.mturk.com/mturk/preview?groupId=3W8SY8LL7U0QN4FQXM2N6KIW3IUK80,https://requestersandbox.mturk.com/mturk/manageHITs,Assignable,1,A10892I86DG5PR,3O6CYIULEE9YDU6VLDLGURX66B6WU9,2023-04-26 22:43:07-07:00,2023-04-26 22:45:31-07:00,"[{""q1"":{""-1"":true,""-2"":false,""-3"":false,""0"":false,""1"":false,""2"":false,""3"":false,""video not playing"":false},""q10"":{""-1"":false,""-2"":false,""-3"":false,""0"":true,""1"":false,""2"":false,""3"":false,""video not playing"":false},""q2"":{""-1"":true,""-2"":false,""-3"":false,""0"":false,""1"":false,""2"":false,""3"":false,""video not playing"":false},""q3"":{""-1"":false,""-2"":false,""-3"":false,""0"":true,""1"":false,""2"":false,""3"":false,""video not playing"":false},""q4"":{""-1"":false,""-2"":false,""-3"":false,""0"":false,""1"":true,""2"":false,""3"":false,""video not playing"":false},""q5"":{""-1"":true,""-2"":false,""-3"":false,""0"":false,""1"":false,""2"":false,""3"":false,""video not playing"":false},""q6"":{""-1"":false,""-2"":true,""-3"":false,""0"":false,""1"":false,""2"":false,""3"":false,""video not playing"":false},""q7"":{""-1"":true,""-2"":false,""-3"":false,""0"":false,""1"":false,""2"":false,""3"":false,""video not playing"":false},""q8"":{""-1"":false,""-2"":false,""-3"":false,""0"":true,""1"":false,""2"":false,""3"":false,""video not playing"":false},""q9"":{""-1"":true,""-2"":false,""-3"":false,""0"":false,""1"":false,""2"":false,""3"":false,""video not playing"":false},""worker_ip"":""216.180.71.209-false""}]",216.180.71.209,false,Approved,-1,-1,0,1,-1,-2,-1,0,-1,0
29,32PT7WK7DMMCIAVRZWFNQAM5XCF3DR,https://workersandbox.mturk.com/mturk/preview?groupId=3IFS5X633D4Q19Y02E816GD7NOCK9P,https://requestersandbox.mturk.com/mturk/manageHITs,Assignable,1,A10892I86DG5PR,3ZQIG0FLQFOYQ9VVQ3VLQDZPKIFWVY,2023-04-26 22:45:47-07:00,2023-04-26 22:48:18-07:00,"[{""q1"":{""-1"":true,""-2"":false,""-3"":false,""0"":false,""1"":false,""2"":false,""3"":false,""video not playing"":false},""q10"":{""-1"":false,""-2"":false,""-3"":false,""0"":false,""1"":true,""2"":false,""3"":false,""video not playing"":false},""q2"":{""-1"":false,""-2"":false,""-3"":false,""0"":false,""1"":true,""2"":false,""3"":false,""video not playing"":false},""q3"":{""-1"":false,""-2"":false,""-3"":false,""0"":false,""1"":true,""2"":false,""3"":false,""video not playing"":false},""q4"":{""-1"":false,""-2"":false,""-3"":false,""0"":true,""1"":false,""2"":false,""3"":false,""video not playing"":false},""q5"":{""-1"":false,""-2"":true,""-3"":false,""0"":false,""1"":false,""2"":false,""3"":false,""video not playing"":false},""q6"":{""-1"":false,""-2"":false,""-3"":false,""0"":true,""1"":false,""2"":false,""3"":false,""video not playing"":false},""q7"":{""-1"":false,""-2"":false,""-3"":false,""0"":false,""1"":true,""2"":false,""3"":false,""video not playing"":false},""q8"":{""-1"":true,""-2"":false,""-3"":false,""0"":false,""1"":false,""2"":false,""3"":false,""video not playing"":false},""q9"":{""-1"":false,""-2"":false,""-3"":false,""0"":false,""1"":true,""2"":false,""3"":false,""video not playing"":false},""worker_ip"":""216.180.71.209-false""}]",216.180.71.209,false,Approved,-1,1,1,0,-2,0,1,-1,1,1
30,304QEQWKZPR75FNJ6IBKZ60XYE20OQ,https://workersandbox.mturk.com/mturk/preview?groupId=36R4ILE2G9B80TO5ZF5W3KJQY53FH8,https://requestersandbox.mturk.com/mturk/manageHITs,Assignable,1,A10892I86DG5PR,3N4BPTXIO907IUCEWZ2D6G3BJ4XUKB,2023-04-26 22:48:44-07:00,2023-04-26 22:51:17-07:00,"[{""q1"":{""-1"":false,""-2"":false,""-3"":false,""0"":true,""1"":false,""2"":false,""3"":false,""video not playing"":false},""q10"":{""-1"":false,""-2"":false,""-3"":false,""0"":false,""1"":true,""2"":false,""3"":false,""video not playing"":false},""q2"":{""-1"":false,""-2"":false,""-3"":false,""0"":false,""1"":true,""2"":false,""3"":false,""video not playing"":false},""q3"":{""-1"":false,""-2"":true,""-3"":false,""0"":false,""1"":false,""2"":false,""3"":false,""video not playing"":false},""q4"":{""-1"":true,""-2"":false,""-3"":false,""0"":false,""1"":false,""2"":false,""3"":false,""video not playing"":false},""q5"":{""-1"":true,""-2"":false,""-3"":false,""0"":false,""1"":false,""2"":false,""3"":false,""video not playing"":false},""q6"":{""-1"":false,""-2"":false,""-3"":false,""0"":false,""1"":true,""2"":false,""3"":false,""video not playing"":false},""q7"":{""-1"":false,""-2"":false,""-3"":false,""0"":false,""1"":true,""2"":false,""3"":false,""video not playing"":false},""q8"":{""-1"":false,""-2"":false,""-3"":false,""0"":false,""1"":true,""2"":false,""3"":false,""video not playing"":false},""q9"":{""-1"":true,""-2"":false,""-3"":false,""0"":false,""1"":false,""2"":false,""3"":false,""video not playing"":false},""worker_ip"":""216.180.71.209-false""}]",216.180.71.209,false,Approved,0,1,-2,-1,-1,1,1,1,-1,1
