HIT,HIT_id,HIT_website_address,HIT_results_address,HIT_status,submitted_assignments,Worker_id,Assignment_id,Accept_time,Submit_time,Full_response,worker_ip,isBot,assignment_status,q1,q2,q3,q4,q5,q6,q7,q8,q9,q10,q11,q12,passed_negative_attention,passed_positive_attention_easy,score_all,score_gs_more_than1,score_gs_less_than1,correct_questions,incorrect_questions
0,3ODOP6T3ASRAXWGF2L0P4WN7GO424S,https://workersandbox.mturk.com/mturk/preview?groupId=37R8JAFGQ0A7TF5ZW9DRRXWKZMTJDC,https://requestersandbox.mturk.com/mturk/manageHITs,Assignable,1,A2EE2N0X2ZPJ5E,3DUZQ9U6SNW5JSEM6YLKTOW4FFPSV6,2023-10-24 13:38:06-07:00,2023-10-24 13:47:30-07:00,"[{""q1"":{""-1"":false,""-2"":false,""-3"":false,""0"":false,""1"":true,""2"":false,""3"":false,""video not playing"":false},""q10"":{""-1"":false,""-2"":false,""-3"":false,""0"":false,""1"":false,""2"":false,""3"":true,""video not playing"":false},""q11"":{""-1"":false,""-2"":true,""-3"":false,""0"":false,""1"":false,""2"":false,""3"":false,""video not playing"":false},""q12"":{""-1"":false,""-2"":false,""-3"":true,""0"":false,""1"":false,""2"":false,""3"":false,""video not playing"":false},""q2"":{""-1"":false,""-2"":true,""-3"":false,""0"":false,""1"":false,""2"":false,""3"":false,""video not playing"":false},""q3"":{""-1"":false,""-2"":false,""-3"":false,""0"":false,""1"":true,""2"":false,""3"":false,""video not playing"":false},""q4"":{""-1"":false,""-2"":false,""-3"":false,""0"":true,""1"":false,""2"":false,""3"":false,""video not playing"":false},""q5"":{""-1"":true,""-2"":false,""-3"":false,""0"":false,""1"":false,""2"":false,""3"":false,""video not playing"":false},""q6"":{""-1"":false,""-2"":false,""-3"":false,""0"":false,""1"":true,""2"":false,""3"":false,""video not playing"":false},""q7"":{""-1"":false,""-2"":false,""-3"":false,""0"":true,""1"":false,""2"":false,""3"":false,""video not playing"":false},""q8"":{""-1"":false,""-2"":false,""-3"":false,""0"":false,""1"":true,""2"":false,""3"":false,""video not playing"":false},""q9"":{""-1"":true,""-2"":false,""-3"":false,""0"":false,""1"":false,""2"":false,""3"":false,""video not playing"":false},""worker_ip"":""128.189.79.229-true""}]",128.189.79.229,TRUE,Submitted,1,-2,1,0,-1,1,0,1,-1,3,-2,-3,Y,Y,66.66666666666666,71.42857142857143,33.33333333333333,"q2,q5,q6,q7,q8,q10,q11,q12","q1,q3,q4,q9"
1,36BTXXLZ2VFR1GX0HBFQ54VFSGK4R9,https://workersandbox.mturk.com/mturk/preview?groupId=3RDTAMZS73ZB0JKFF3T0OR7WNCOGX7,https://requestersandbox.mturk.com/mturk/manageHITs,Assignable,1,A2EE2N0X2ZPJ5E,32Z9ZLUT1MSL3ZR9USN7UIVUABBOHF,2023-10-24 13:47:46-07:00,2023-10-24 13:51:59-07:00,"[{""q1"":{""-1"":false,""-2"":false,""-3"":false,""0"":false,""1"":true,""2"":false,""3"":false,""video not playing"":false},""q10"":{""-1"":false,""-2"":false,""-3"":false,""0"":true,""1"":false,""2"":false,""3"":false,""video not playing"":false},""q2"":{""-1"":false,""-2"":false,""-3"":false,""0"":true,""1"":false,""2"":false,""3"":false,""video not playing"":false},""q3"":{""-1"":false,""-2"":false,""-3"":false,""0"":false,""1"":false,""2"":true,""3"":false,""video not playing"":false},""q4"":{""-1"":false,""-2"":false,""-3"":false,""0"":true,""1"":false,""2"":false,""3"":false,""video not playing"":false},""q5"":{""-1"":false,""-2"":false,""-3"":false,""0"":true,""1"":false,""2"":false,""3"":false,""video not playing"":false},""q6"":{""-1"":true,""-2"":false,""-3"":false,""0"":false,""1"":false,""2"":false,""3"":false,""video not playing"":false},""q7"":{""-1"":false,""-2"":true,""-3"":false,""0"":false,""1"":false,""2"":false,""3"":false,""video not playing"":false},""q8"":{""-1"":false,""-2"":false,""-3"":false,""0"":true,""1"":false,""2"":false,""3"":false,""video not playing"":false},""q9"":{""-1"":false,""-2"":false,""-3"":false,""0"":true,""1"":false,""2"":false,""3"":false,""video not playing"":false},""worker_ip"":""128.189.79.229-false""}]",128.189.79.229,FALSE,Submitted,1,0,2,0,0,-1,-2,0,0,0,,,Y,Y,50,0,60,"q2,q5,q7,q8,q9","q1,q3,q4,q6,q10"
2,3QTFNPMJC6PMPFTX9XOZQG3ESEXZNR,https://workersandbox.mturk.com/mturk/preview?groupId=3QPQ7LAZER0QHV607P6YYX00SEOAQS,https://requestersandbox.mturk.com/mturk/manageHITs,Assignable,1,A2EE2N0X2ZPJ5E,3VNXK88KKDQNEDINXSLTCTRENR0V9Y,2023-10-24 13:52:09-07:00,2023-10-24 13:55:39-07:00,"[{""q1"":{""-1"":true,""-2"":false,""-3"":false,""0"":false,""1"":false,""2"":false,""3"":false,""video not playing"":false},""q10"":{""-1"":false,""-2"":false,""-3"":false,""0"":true,""1"":false,""2"":false,""3"":false,""video not playing"":false},""q2"":{""-1"":false,""-2"":false,""-3"":false,""0"":false,""1"":false,""2"":true,""3"":false,""video not playing"":false},""q3"":{""-1"":false,""-2"":true,""-3"":false,""0"":false,""1"":false,""2"":false,""3"":false,""video not playing"":false},""q4"":{""-1"":false,""-2"":false,""-3"":false,""0"":true,""1"":false,""2"":false,""3"":false,""video not playing"":false},""q5"":{""-1"":false,""-2"":false,""-3"":false,""0"":false,""1"":true,""2"":false,""3"":false,""video not playing"":false},""q6"":{""-1"":false,""-2"":false,""-3"":false,""0"":false,""1"":true,""2"":false,""3"":false,""video not playing"":false},""q7"":{""-1"":false,""-2"":false,""-3"":false,""0"":true,""1"":false,""2"":false,""3"":false,""video not playing"":false},""q8"":{""-1"":true,""-2"":false,""-3"":false,""0"":false,""1"":false,""2"":false,""3"":false,""video not playing"":false},""q9"":{""-1"":false,""-2"":false,""-3"":false,""0"":true,""1"":false,""2"":false,""3"":false,""video not playing"":false},""worker_ip"":""128.189.79.229-true""}]",128.189.79.229,TRUE,Submitted,-1,2,-2,0,1,1,0,-1,0,0,,,Y,Y,40,33.33333333333333,20,"q2,q3,q6,q7","q1,q4,q5,q8,q9,q10"
3,3DQYSJDTYLITQEG5FGXV38TU6MYXE3,https://workersandbox.mturk.com/mturk/preview?groupId=3I7X2GF4HI053JTEQA5QK9X91VGRHL,https://requestersandbox.mturk.com/mturk/manageHITs,Assignable,1,A2EE2N0X2ZPJ5E,36V4Q8R5ZL8AGP5002VOBSYQ6YSQMY,2023-10-24 13:55:57-07:00,2023-10-24 13:59:03-07:00,"[{""q1"":{""-1"":false,""-2"":false,""-3"":false,""0"":false,""1"":false,""2"":true,""3"":false,""video not playing"":false},""q10"":{""-1"":false,""-2"":false,""-3"":true,""0"":false,""1"":false,""2"":false,""3"":false,""video not playing"":false},""q2"":{""-1"":false,""-2"":false,""-3"":true,""0"":false,""1"":false,""2"":false,""3"":false,""video not playing"":false},""q3"":{""-1"":false,""-2"":true,""-3"":false,""0"":false,""1"":false,""2"":false,""3"":false,""video not playing"":false},""q4"":{""-1"":false,""-2"":false,""-3"":false,""0"":true,""1"":false,""2"":false,""3"":false,""video not playing"":false},""q5"":{""-1"":false,""-2"":false,""-3"":false,""0"":true,""1"":false,""2"":false,""3"":false,""video not playing"":false},""q6"":{""-1"":false,""-2"":false,""-3"":false,""0"":false,""1"":true,""2"":false,""3"":false,""video not playing"":false},""q7"":{""-1"":false,""-2"":false,""-3"":false,""0"":false,""1"":true,""2"":false,""3"":false,""video not playing"":false},""q8"":{""-1"":false,""-2"":false,""-3"":false,""0"":true,""1"":false,""2"":false,""3"":false,""video not playing"":false},""q9"":{""-1"":false,""-2"":false,""-3"":false,""0"":false,""1"":true,""2"":false,""3"":false,""video not playing"":false},""worker_ip"":""128.189.79.229-false""}]",128.189.79.229,FALSE,Submitted,2,-3,-2,0,0,1,1,0,1,-3,,,Y,Y,50,42.857142857142854,0,"q1,q4,q7,q9,q10","q2,q3,q5,q6,q8"
4,3R5LWXWHR0FRASCWLBNJ3BE6J2DXGK,https://workersandbox.mturk.com/mturk/preview?groupId=3MLGQ9U1F2E1UPO4EA8BWMDOENKRJQ,https://requestersandbox.mturk.com/mturk/manageHITs,Assignable,1,A2EE2N0X2ZPJ5E,32UTUBMZ7H4626XKVCZP3ZM4BR3VB8,2023-10-24 13:59:15-07:00,2023-10-24 14:02:21-07:00,"[{""q1"":{""-1"":false,""-2"":false,""-3"":false,""0"":true,""1"":false,""2"":false,""3"":false,""video not playing"":false},""q10"":{""-1"":false,""-2"":false,""-3"":false,""0"":false,""1"":false,""2"":true,""3"":false,""video not playing"":false},""q2"":{""-1"":false,""-2"":false,""-3"":false,""0"":true,""1"":false,""2"":false,""3"":false,""video not playing"":false},""q3"":{""-1"":false,""-2"":false,""-3"":false,""0"":false,""1"":false,""2"":false,""3"":true,""video not playing"":false},""q4"":{""-1"":false,""-2"":true,""-3"":false,""0"":false,""1"":false,""2"":false,""3"":false,""video not playing"":false},""q5"":{""-1"":true,""-2"":false,""-3"":false,""0"":false,""1"":false,""2"":false,""3"":false,""video not playing"":false},""q6"":{""-1"":false,""-2"":false,""-3"":false,""0"":true,""1"":false,""2"":false,""3"":false,""video not playing"":false},""q7"":{""-1"":false,""-2"":false,""-3"":false,""0"":true,""1"":false,""2"":false,""3"":false,""video not playing"":false},""q8"":{""-1"":false,""-2"":false,""-3"":false,""0"":true,""1"":false,""2"":false,""3"":false,""video not playing"":false},""q9"":{""-1"":true,""-2"":false,""-3"":false,""0"":false,""1"":false,""2"":false,""3"":false,""video not playing"":false},""worker_ip"":""128.189.79.229-true""}]",128.189.79.229,TRUE,Submitted,0,0,3,-2,-1,0,0,0,-1,2,,,Y,Y,80,50,83.33333333333334,"q1,q3,q4,q6,q7,q8,q9,q10","q2,q5"
5,3TX9T2ZCB98CC92B1YFMMZG5LQ1ZWI,https://workersandbox.mturk.com/mturk/preview?groupId=3Z7ICGQCY9ISBFSTYC5B4XVS12ROTJ,https://requestersandbox.mturk.com/mturk/manageHITs,Assignable,1,A2EE2N0X2ZPJ5E,33IZTU6J829XNHJH6DM2H9TPVQXSX9,2023-10-24 14:02:36-07:00,2023-10-24 14:05:29-07:00,"[{""q1"":{""-1"":false,""-2"":true,""-3"":false,""0"":false,""1"":false,""2"":false,""3"":false,""video not playing"":false},""q10"":{""-1"":true,""-2"":false,""-3"":false,""0"":false,""1"":false,""2"":false,""3"":false,""video not playing"":false},""q2"":{""-1"":false,""-2"":true,""-3"":false,""0"":false,""1"":false,""2"":false,""3"":false,""video not playing"":false},""q3"":{""-1"":false,""-2"":false,""-3"":false,""0"":false,""1"":true,""2"":false,""3"":false,""video not playing"":false},""q4"":{""-1"":false,""-2"":false,""-3"":false,""0"":true,""1"":false,""2"":false,""3"":false,""video not playing"":false},""q5"":{""-1"":true,""-2"":false,""-3"":false,""0"":false,""1"":false,""2"":false,""3"":false,""video not playing"":false},""q6"":{""-1"":false,""-2"":false,""-3"":false,""0"":true,""1"":false,""2"":false,""3"":false,""video not playing"":false},""q7"":{""-1"":true,""-2"":false,""-3"":false,""0"":false,""1"":false,""2"":false,""3"":false,""video not playing"":false},""q8"":{""-1"":true,""-2"":false,""-3"":false,""0"":false,""1"":false,""2"":false,""3"":false,""video not playing"":false},""q9"":{""-1"":false,""-2"":false,""-3"":false,""0"":true,""1"":false,""2"":false,""3"":false,""video not playing"":false},""worker_ip"":""128.189.79.229-false""}]",128.189.79.229,FALSE,Submitted,-2,-2,1,0,-1,0,-1,-1,0,-1,,,Y,Y,40,25,25,"q1,q2,q5,q6","q3,q4,q7,q8,q9,q10"
6,3FDWKV9VCN9ZLYENR9ARW9ZZL68UMX,https://workersandbox.mturk.com/mturk/preview?groupId=3ES1UQ6TFXUGSZZCCNO7Q2W6CPQMLZ,https://requestersandbox.mturk.com/mturk/manageHITs,Assignable,1,ARUXAWT9AUG92,3Y4W8Q93L0SZH3V498QVYPA4ECFVDF,2023-10-24 14:07:53-07:00,2023-10-24 14:10:26-07:00,"[{""q1"":{""-1"":false,""-2"":false,""-3"":false,""0"":true,""1"":false,""2"":false,""3"":false,""video not playing"":false},""q10"":{""-1"":false,""-2"":false,""-3"":false,""0"":false,""1"":false,""2"":false,""3"":true,""video not playing"":false},""q2"":{""-1"":false,""-2"":false,""-3"":false,""0"":false,""1"":true,""2"":false,""3"":false,""video not playing"":false},""q3"":{""-1"":false,""-2"":false,""-3"":false,""0"":true,""1"":false,""2"":false,""3"":false,""video not playing"":false},""q4"":{""-1"":false,""-2"":false,""-3"":false,""0"":false,""1"":true,""2"":false,""3"":false,""video not playing"":false},""q5"":{""-1"":false,""-2"":false,""-3"":false,""0"":false,""1"":true,""2"":false,""3"":false,""video not playing"":false},""q6"":{""-1"":true,""-2"":false,""-3"":false,""0"":false,""1"":false,""2"":false,""3"":false,""video not playing"":false},""q7"":{""-1"":false,""-2"":false,""-3"":false,""0"":true,""1"":false,""2"":false,""3"":false,""video not playing"":false},""q8"":{""-1"":false,""-2"":false,""-3"":false,""0"":true,""1"":false,""2"":false,""3"":false,""video not playing"":false},""q9"":{""-1"":false,""-2"":false,""-3"":true,""0"":false,""1"":false,""2"":false,""3"":false,""video not playing"":false},""worker_ip"":""206.12.181.123-false""}]",206.12.181.123,FALSE,Submitted,0,1,0,1,1,-1,0,0,-3,3,,,Y,Y,40,0,25,"q1,q3,q7,q9","q2,q4,q5,q6,q8,q10"
7,3SSN80MU8CVWCE8FB28Y136ZQJUXKN,https://workersandbox.mturk.com/mturk/preview?groupId=3YO63Q6HK40XDFFPT803PTU5N7PRNU,https://requestersandbox.mturk.com/mturk/manageHITs,Assignable,1,A2EE2N0X2ZPJ5E,3VW04L3ZLUE5JY5G0NSPGHAHA5ZXXM,2023-10-24 14:10:41-07:00,2023-10-24 14:13:39-07:00,"[{""q1"":{""-1"":false,""-2"":true,""-3"":false,""0"":false,""1"":false,""2"":false,""3"":false,""video not playing"":false},""q10"":{""-1"":false,""-2"":false,""-3"":false,""0"":true,""1"":false,""2"":false,""3"":false,""video not playing"":false},""q2"":{""-1"":false,""-2"":false,""-3"":false,""0"":true,""1"":false,""2"":false,""3"":false,""video not playing"":false},""q3"":{""-1"":false,""-2"":false,""-3"":false,""0"":true,""1"":false,""2"":false,""3"":false,""video not playing"":false},""q4"":{""-1"":false,""-2"":false,""-3"":false,""0"":false,""1"":false,""2"":true,""3"":false,""video not playing"":false},""q5"":{""-1"":true,""-2"":false,""-3"":false,""0"":false,""1"":false,""2"":false,""3"":false,""video not playing"":false},""q6"":{""-1"":false,""-2"":false,""-3"":false,""0"":false,""1"":false,""2"":true,""3"":false,""video not playing"":false},""q7"":{""-1"":false,""-2"":true,""-3"":false,""0"":false,""1"":false,""2"":false,""3"":false,""video not playing"":false},""q8"":{""-1"":true,""-2"":false,""-3"":false,""0"":false,""1"":false,""2"":false,""3"":false,""video not playing"":false},""q9"":{""-1"":false,""-2"":false,""-3"":false,""0"":false,""1"":false,""2"":true,""3"":false,""video not playing"":false},""worker_ip"":""128.189.79.229-false""}]",128.189.79.229,FALSE,Submitted,-2,0,0,2,-1,2,-2,-1,2,0,,,Y,Y,80,100,60,"q1,q2,q3,q4,q5,q6,q7,q10","q8,q9"
8,3MVY4USGB6UXA2WSHPHZPFAUJ03SIZ,https://workersandbox.mturk.com/mturk/preview?groupId=3Z2MMRQPGDSF7INCWBBQQ7QRVOFF8Z,https://requestersandbox.mturk.com/mturk/manageHITs,Assignable,1,A2EE2N0X2ZPJ5E,36DSNE9QZ66HU5MZISQS6VB9N3FOJK,2023-10-24 14:14:06-07:00,2023-10-24 14:18:17-07:00,"[{""q1"":{""-1"":false,""-2"":false,""-3"":false,""0"":true,""1"":false,""2"":false,""3"":false,""video not playing"":false},""q10"":{""-1"":false,""-2"":false,""-3"":false,""0"":true,""1"":false,""2"":false,""3"":false,""video not playing"":false},""q2"":{""-1"":true,""-2"":false,""-3"":false,""0"":false,""1"":false,""2"":false,""3"":false,""video not playing"":false},""q3"":{""-1"":false,""-2"":true,""-3"":false,""0"":false,""1"":false,""2"":false,""3"":false,""video not playing"":false},""q4"":{""-1"":false,""-2"":false,""-3"":false,""0"":true,""1"":false,""2"":false,""3"":false,""video not playing"":false},""q5"":{""-1"":false,""-2"":false,""-3"":false,""0"":true,""1"":false,""2"":false,""3"":false,""video not playing"":false},""q6"":{""-1"":false,""-2"":false,""-3"":false,""0"":true,""1"":false,""2"":false,""3"":false,""video not playing"":false},""q7"":{""-1"":false,""-2"":false,""-3"":false,""0"":true,""1"":false,""2"":false,""3"":false,""video not playing"":false},""q8"":{""-1"":false,""-2"":false,""-3"":false,""0"":true,""1"":false,""2"":false,""3"":false,""video not playing"":false},""q9"":{""-1"":false,""-2"":false,""-3"":false,""0"":true,""1"":false,""2"":false,""3"":false,""video not playing"":false},""worker_ip"":""128.189.79.229-false""}]",128.189.79.229,FALSE,Submitted,0,-1,-2,0,0,0,0,0,0,0,,,Y,Y,20,0,0,"q3,q5","q1,q2,q4,q6,q7,q8,q9,q10"
9,3XBXDSS888Q7WKQXW2KZG3JEFJZXLQ,https://workersandbox.mturk.com/mturk/preview?groupId=33GCHQ2CVO6FV0F1UN0G4IUADHURO9,https://requestersandbox.mturk.com/mturk/manageHITs,Assignable,1,A2EE2N0X2ZPJ5E,3JMSRU9HQJ249994531F47SPEOGVE8,2023-10-24 14:18:29-07:00,2023-10-24 14:21:13-07:00,"[{""q1"":{""-1"":true,""-2"":false,""-3"":false,""0"":false,""1"":false,""2"":false,""3"":false,""video not playing"":false},""q10"":{""-1"":false,""-2"":true,""-3"":false,""0"":false,""1"":false,""2"":false,""3"":false,""video not playing"":false},""q2"":{""-1"":false,""-2"":false,""-3"":false,""0"":false,""1"":true,""2"":false,""3"":false,""video not playing"":false},""q3"":{""-1"":false,""-2"":false,""-3"":false,""0"":false,""1"":true,""2"":false,""3"":false,""video not playing"":false},""q4"":{""-1"":false,""-2"":false,""-3"":false,""0"":true,""1"":false,""2"":false,""3"":false,""video not playing"":false},""q5"":{""-1"":false,""-2"":false,""-3"":false,""0"":true,""1"":false,""2"":false,""3"":false,""video not playing"":false},""q6"":{""-1"":false,""-2"":true,""-3"":false,""0"":false,""1"":false,""2"":false,""3"":false,""video not playing"":false},""q7"":{""-1"":false,""-2"":false,""-3"":false,""0"":false,""1"":true,""2"":false,""3"":false,""video not playing"":false},""q8"":{""-1"":false,""-2"":false,""-3"":false,""0"":false,""1"":false,""2"":true,""3"":false,""video not playing"":false},""q9"":{""-1"":false,""-2"":false,""-3"":false,""0"":true,""1"":false,""2"":false,""3"":false,""video not playing"":false},""worker_ip"":""128.189.79.229-true""}]",128.189.79.229,TRUE,Submitted,-1,1,1,0,0,-2,1,2,0,-2,,,Y,Y,70,100,40,"q4,q5,q6,q7,q8,q9,q10","q1,q2,q3"
10,31YWE12TE0J8HZ1VS8JPXY1DKZUX7H,https://workersandbox.mturk.com/mturk/preview?groupId=3K9PHCH9NOQX2DFYO3SOUK447UCDG2,https://requestersandbox.mturk.com/mturk/manageHITs,Assignable,1,A2EE2N0X2ZPJ5E,31IBVUNM9T7WFN900ELLMPDPQPVVFQ,2023-10-24 14:21:24-07:00,2023-10-24 14:23:42-07:00,"[{""q1"":{""-1"":false,""-2"":false,""-3"":false,""0"":true,""1"":false,""2"":false,""3"":false,""video not playing"":false},""q10"":{""-1"":true,""-2"":false,""-3"":false,""0"":false,""1"":false,""2"":false,""3"":false,""video not playing"":false},""q2"":{""-1"":false,""-2"":false,""-3"":false,""0"":false,""1"":true,""2"":false,""3"":false,""video not playing"":false},""q3"":{""-1"":false,""-2"":false,""-3"":false,""0"":true,""1"":false,""2"":false,""3"":false,""video not playing"":false},""q4"":{""-1"":true,""-2"":false,""-3"":false,""0"":false,""1"":false,""2"":false,""3"":false,""video not playing"":false},""q5"":{""-1"":true,""-2"":false,""-3"":false,""0"":false,""1"":false,""2"":false,""3"":false,""video not playing"":false},""q6"":{""-1"":false,""-2"":false,""-3"":false,""0"":true,""1"":false,""2"":false,""3"":false,""video not playing"":false},""q7"":{""-1"":false,""-2"":false,""-3"":false,""0"":true,""1"":false,""2"":false,""3"":false,""video not playing"":false},""q8"":{""-1"":false,""-2"":false,""-3"":false,""0"":true,""1"":false,""2"":false,""3"":false,""video not playing"":false},""q9"":{""-1"":false,""-2"":true,""-3"":false,""0"":false,""1"":false,""2"":false,""3"":false,""video not playing"":false},""worker_ip"":""128.189.79.229-false""}]",128.189.79.229,FALSE,Submitted,0,1,0,-1,-1,0,0,0,-2,-1,,,Y,Y,70,50,75,"q1,q3,q5,q7,q8,q9,q10","q2,q4,q6"
11,3EQPA8A3743Q6P2CUZW7X9MXJUSZJN,https://workersandbox.mturk.com/mturk/preview?groupId=3D8ERG8DI8AZWG88FWZHHOGVIDRAM5,https://requestersandbox.mturk.com/mturk/manageHITs,Assignable,1,A2EE2N0X2ZPJ5E,3KIBXJ1WD62C5PSH0DQ47ABM2SFOKJ,2023-10-24 14:23:50-07:00,2023-10-24 14:26:26-07:00,"[{""q1"":{""-1"":false,""-2"":false,""-3"":true,""0"":false,""1"":false,""2"":false,""3"":false,""video not playing"":false},""q10"":{""-1"":false,""-2"":false,""-3"":false,""0"":false,""1"":true,""2"":false,""3"":false,""video not playing"":false},""q2"":{""-1"":true,""-2"":false,""-3"":false,""0"":false,""1"":false,""2"":false,""3"":false,""video not playing"":false},""q3"":{""-1"":false,""-2"":false,""-3"":false,""0"":false,""1"":true,""2"":false,""3"":false,""video not playing"":false},""q4"":{""-1"":false,""-2"":false,""-3"":false,""0"":true,""1"":false,""2"":false,""3"":false,""video not playing"":false},""q5"":{""-1"":false,""-2"":true,""-3"":false,""0"":false,""1"":false,""2"":false,""3"":false,""video not playing"":false},""q6"":{""-1"":false,""-2"":false,""-3"":false,""0"":true,""1"":false,""2"":false,""3"":false,""video not playing"":false},""q7"":{""-1"":false,""-2"":false,""-3"":false,""0"":false,""1"":true,""2"":false,""3"":false,""video not playing"":false},""q8"":{""-1"":false,""-2"":false,""-3"":false,""0"":true,""1"":false,""2"":false,""3"":false,""video not playing"":false},""q9"":{""-1"":false,""-2"":false,""-3"":false,""0"":false,""1"":true,""2"":false,""3"":false,""video not playing"":false},""worker_ip"":""128.189.79.229-false""}]",128.189.79.229,FALSE,Submitted,-3,-1,1,0,-2,0,1,0,1,1,,,Y,Y,40,25,25,"q3,q5,q6,q9","q1,q2,q4,q7,q8,q10"
12,3CIS7GGG65Q19AMAABM8J1UQC4HUE8,https://workersandbox.mturk.com/mturk/preview?groupId=3C3LDH5JOKRUS7PGQCL9VPRMFT4MFU,https://requestersandbox.mturk.com/mturk/manageHITs,Assignable,1,A2EE2N0X2ZPJ5E,3JCG6DTRV4Y1143SSV25S1IVGZPQQL,2023-10-24 14:26:58-07:00,2023-10-24 14:30:42-07:00,"[{""q1"":{""-1"":false,""-2"":true,""-3"":false,""0"":false,""1"":false,""2"":false,""3"":false,""video not playing"":false},""q10"":{""-1"":false,""-2"":true,""-3"":false,""0"":false,""1"":false,""2"":false,""3"":false,""video not playing"":false},""q2"":{""-1"":false,""-2"":false,""-3"":false,""0"":true,""1"":false,""2"":false,""3"":false,""video not playing"":false},""q3"":{""-1"":false,""-2"":false,""-3"":false,""0"":true,""1"":false,""2"":false,""3"":false,""video not playing"":false},""q4"":{""-1"":false,""-2"":false,""-3"":false,""0"":true,""1"":false,""2"":false,""3"":false,""video not playing"":false},""q5"":{""-1"":false,""-2"":false,""-3"":false,""0"":true,""1"":false,""2"":false,""3"":false,""video not playing"":false},""q6"":{""-1"":false,""-2"":true,""-3"":false,""0"":false,""1"":false,""2"":false,""3"":false,""video not playing"":false},""q7"":{""-1"":false,""-2"":false,""-3"":false,""0"":true,""1"":false,""2"":false,""3"":false,""video not playing"":false},""q8"":{""-1"":false,""-2"":false,""-3"":false,""0"":false,""1"":true,""2"":false,""3"":false,""video not playing"":false},""q9"":{""-1"":false,""-2"":false,""-3"":true,""0"":false,""1"":false,""2"":false,""3"":false,""video not playing"":false},""worker_ip"":""128.189.79.229-false""}]",128.189.79.229,FALSE,Submitted,-2,0,0,0,0,-2,0,1,-3,-2,,,Y,Y,60,50,50,"q1,q2,q5,q7,q9,q10","q3,q4,q6,q8"
13,3B623HUYJ4X4LWKF8358CQGGG4YS8R,https://workersandbox.mturk.com/mturk/preview?groupId=3Z2ZOEGDOBEXWI3RXQ2BBX3JHI9F1F,https://requestersandbox.mturk.com/mturk/manageHITs,Assignable,1,A2EE2N0X2ZPJ5E,3P1L2B7AD2XNPVAZLD25MAO1RSKOLM,2023-10-24 14:30:53-07:00,2023-10-24 14:32:42-07:00,"[{""q1"":{""-1"":false,""-2"":false,""-3"":true,""0"":false,""1"":false,""2"":false,""3"":false,""video not playing"":false},""q10"":{""-1"":false,""-2"":true,""-3"":false,""0"":false,""1"":false,""2"":false,""3"":false,""video not playing"":false},""q2"":{""-1"":false,""-2"":false,""-3"":false,""0"":true,""1"":false,""2"":false,""3"":false,""video not playing"":false},""q3"":{""-1"":false,""-2"":false,""-3"":false,""0"":true,""1"":false,""2"":false,""3"":false,""video not playing"":false},""q4"":{""-1"":false,""-2"":false,""-3"":false,""0"":true,""1"":false,""2"":false,""3"":false,""video not playing"":false},""q5"":{""-1"":false,""-2"":false,""-3"":false,""0"":true,""1"":false,""2"":false,""3"":false,""video not playing"":false},""q6"":{""-1"":false,""-2"":true,""-3"":false,""0"":false,""1"":false,""2"":false,""3"":false,""video not playing"":false},""q7"":{""-1"":true,""-2"":false,""-3"":false,""0"":false,""1"":false,""2"":false,""3"":false,""video not playing"":false},""q8"":{""-1"":true,""-2"":false,""-3"":false,""0"":false,""1"":false,""2"":false,""3"":false,""video not playing"":false},""q9"":{""-1"":false,""-2"":false,""-3"":false,""0"":true,""1"":false,""2"":false,""3"":false,""video not playing"":false},""worker_ip"":""128.189.79.229-false""}]",128.189.79.229,FALSE,Submitted,-3,0,0,0,0,-2,-1,-1,0,-2,,,Y,Y,50,33.33333333333333,40,"q1,q2,q4,q9,q10","q3,q5,q6,q7,q8"
14,3SV8KD29L4ZLH98UCKWJYOMAYJSZKM,https://workersandbox.mturk.com/mturk/preview?groupId=3ND6XU89DJU5EYT8RXEHU35VN31AN5,https://requestersandbox.mturk.com/mturk/manageHITs,Assignable,1,A2EE2N0X2ZPJ5E,3XCC1ODXDMJ1D5IS5AR5XRS0CLRQRM,2023-10-24 14:32:53-07:00,2023-10-24 14:34:54-07:00,"[{""q1"":{""-1"":false,""-2"":true,""-3"":false,""0"":false,""1"":false,""2"":false,""3"":false,""video not playing"":false},""q10"":{""-1"":false,""-2"":false,""-3"":false,""0"":false,""1"":true,""2"":false,""3"":false,""video not playing"":false},""q2"":{""-1"":false,""-2"":false,""-3"":false,""0"":false,""1"":true,""2"":false,""3"":false,""video not playing"":false},""q3"":{""-1"":false,""-2"":false,""-3"":false,""0"":false,""1"":true,""2"":false,""3"":false,""video not playing"":false},""q4"":{""-1"":false,""-2"":false,""-3"":false,""0"":true,""1"":false,""2"":false,""3"":false,""video not playing"":false},""q5"":{""-1"":false,""-2"":false,""-3"":false,""0"":false,""1"":true,""2"":false,""3"":false,""video not playing"":false},""q6"":{""-1"":false,""-2"":false,""-3"":false,""0"":false,""1"":true,""2"":false,""3"":false,""video not playing"":false},""q7"":{""-1"":true,""-2"":false,""-3"":false,""0"":false,""1"":false,""2"":false,""3"":false,""video not playing"":false},""q8"":{""-1"":false,""-2"":true,""-3"":false,""0"":false,""1"":false,""2"":false,""3"":false,""video not playing"":false},""q9"":{""-1"":true,""-2"":false,""-3"":false,""0"":false,""1"":false,""2"":false,""3"":false,""video not playing"":false},""worker_ip"":""128.189.79.229-false""}]",128.189.79.229,FALSE,Submitted,-2,1,1,0,1,1,-1,-2,-1,1,,,Y,Y,60,100,20,"q1,q4,q5,q7,q8,q9","q2,q3,q6,q10"
15,3UEBBGULPFVTFOM65M6E1JFQO5WUFQ,https://workersandbox.mturk.com/mturk/preview?groupId=38MPDVA2YPJ067LB1WRRDARYG84MGT,https://requestersandbox.mturk.com/mturk/manageHITs,Assignable,1,A2EE2N0X2ZPJ5E,3X87C8JFV7JDEKI5KZRAN1XWYNAQSA,2023-10-24 14:35:08-07:00,2023-10-24 14:37:51-07:00,"[{""q1"":{""-1"":false,""-2"":false,""-3"":false,""0"":false,""1"":true,""2"":false,""3"":false,""video not playing"":false},""q10"":{""-1"":false,""-2"":false,""-3"":false,""0"":true,""1"":false,""2"":false,""3"":false,""video not playing"":false},""q2"":{""-1"":false,""-2"":false,""-3"":true,""0"":false,""1"":false,""2"":false,""3"":false,""video not playing"":false},""q3"":{""-1"":false,""-2"":false,""-3"":false,""0"":true,""1"":false,""2"":false,""3"":false,""video not playing"":false},""q4"":{""-1"":false,""-2"":false,""-3"":false,""0"":false,""1"":true,""2"":false,""3"":false,""video not playing"":false},""q5"":{""-1"":false,""-2"":false,""-3"":false,""0"":true,""1"":false,""2"":false,""3"":false,""video not playing"":false},""q6"":{""-1"":false,""-2"":false,""-3"":false,""0"":true,""1"":false,""2"":false,""3"":false,""video not playing"":false},""q7"":{""-1"":false,""-2"":false,""-3"":false,""0"":false,""1"":false,""2"":true,""3"":false,""video not playing"":false},""q8"":{""-1"":true,""-2"":false,""-3"":false,""0"":false,""1"":false,""2"":false,""3"":false,""video not playing"":false},""q9"":{""-1"":true,""-2"":false,""-3"":false,""0"":false,""1"":false,""2"":false,""3"":false,""video not playing"":false},""worker_ip"":""128.189.79.229-false""}]",128.189.79.229,FALSE,Submitted,1,-3,0,1,0,0,2,-1,-1,0,,,Y,Y,50,50,25,"q2,q4,q5,q6,q9","q1,q3,q7,q8,q10"
16,33K3E8REWW2CHD6E2DBVBYX8VJ0X84,https://workersandbox.mturk.com/mturk/preview?groupId=33DPVH0JSGWB29A989A6FKG5MUPDH1,https://requestersandbox.mturk.com/mturk/manageHITs,Assignable,1,A2EE2N0X2ZPJ5E,3EWIJTFFVPFOG88O26DQJE2ZKS40EM,2023-10-24 14:38:06-07:00,2023-10-24 14:40:19-07:00,"[{""q1"":{""-1"":false,""-2"":true,""-3"":false,""0"":false,""1"":false,""2"":false,""3"":false,""video not playing"":false},""q10"":{""-1"":false,""-2"":false,""-3"":false,""0"":true,""1"":false,""2"":false,""3"":false,""video not playing"":false},""q2"":{""-1"":false,""-2"":false,""-3"":false,""0"":true,""1"":false,""2"":false,""3"":false,""video not playing"":false},""q3"":{""-1"":false,""-2"":true,""-3"":false,""0"":false,""1"":false,""2"":false,""3"":false,""video not playing"":false},""q4"":{""-1"":true,""-2"":false,""-3"":false,""0"":false,""1"":false,""2"":false,""3"":false,""video not playing"":false},""q5"":{""-1"":false,""-2"":true,""-3"":false,""0"":false,""1"":false,""2"":false,""3"":false,""video not playing"":false},""q6"":{""-1"":false,""-2"":false,""-3"":false,""0"":true,""1"":false,""2"":false,""3"":false,""video not playing"":false},""q7"":{""-1"":false,""-2"":false,""-3"":false,""0"":true,""1"":false,""2"":false,""3"":false,""video not playing"":false},""q8"":{""-1"":false,""-2"":false,""-3"":false,""0"":false,""1"":true,""2"":false,""3"":false,""video not playing"":false},""q9"":{""-1"":true,""-2"":false,""-3"":false,""0"":false,""1"":false,""2"":false,""3"":false,""video not playing"":false},""worker_ip"":""128.189.79.229-false""}]",128.189.79.229,FALSE,Submitted,-2,0,-2,-1,-2,0,0,1,-1,0,,,Y,Y,70,50,100,"q1,q3,q4,q5,q7,q8,q9","q2,q6,q10"
17,3XEIP58NL0UW1FQCXK8KDOZPNJXZLP,https://workersandbox.mturk.com/mturk/preview?groupId=3S5CBU44O30NWJTKSCEU9S50DD6AOK,https://requestersandbox.mturk.com/mturk/manageHITs,Assignable,1,ARUXAWT9AUG92,3HVVDCPGTF0N2MM609DUASWKZF5YTA,2023-10-24 16:09:06-07:00,2023-10-24 16:10:33-07:00,"[{""q1"":{""-1"":false,""-2"":false,""-3"":false,""0"":true,""1"":false,""2"":false,""3"":false,""video not playing"":false},""q10"":{""-1"":false,""-2"":false,""-3"":false,""0"":false,""1"":true,""2"":false,""3"":false,""video not playing"":false},""q2"":{""-1"":false,""-2"":false,""-3"":false,""0"":true,""1"":false,""2"":false,""3"":false,""video not playing"":false},""q3"":{""-1"":false,""-2"":false,""-3"":false,""0"":true,""1"":false,""2"":false,""3"":false,""video not playing"":false},""q4"":{""-1"":false,""-2"":false,""-3"":false,""0"":false,""1"":false,""2"":true,""3"":false,""video not playing"":false},""q5"":{""-1"":false,""-2"":false,""-3"":true,""0"":false,""1"":false,""2"":false,""3"":false,""video not playing"":false},""q6"":{""-1"":false,""-2"":false,""-3"":false,""0"":true,""1"":false,""2"":false,""3"":false,""video not playing"":false},""q7"":{""-1"":false,""-2"":true,""-3"":false,""0"":false,""1"":false,""2"":false,""3"":false,""video not playing"":false},""q8"":{""-1"":false,""-2"":false,""-3"":false,""0"":true,""1"":false,""2"":false,""3"":false,""video not playing"":false},""q9"":{""-1"":false,""-2"":false,""-3"":false,""0"":true,""1"":false,""2"":false,""3"":false,""video not playing"":false}}]",,,Submitted,0,0,0,2,-3,0,-2,0,0,1,,,Y,Y,40,33.33333333333333,20,"q1,q4,q5,q7","q2,q3,q6,q8,q9,q10"
18,3XD2A6FGFN14Z13PDVBMCMBR0AGS9G,https://workersandbox.mturk.com/mturk/preview?groupId=3LMOG6ZFAIE4L3LNGU2PGGDO9ONF2W,https://requestersandbox.mturk.com/mturk/manageHITs,Assignable,1,ARUXAWT9AUG92,3OE22WJIGJWTTXA994MA22FKJKVQUQ,2023-10-24 14:42:33-07:00,2023-10-24 14:45:37-07:00,"[{""q1"":{""-1"":false,""-2"":false,""-3"":false,""0"":true,""1"":false,""2"":false,""3"":false,""video not playing"":false},""q10"":{""-1"":false,""-2"":false,""-3"":false,""0"":true,""1"":false,""2"":false,""3"":false,""video not playing"":false},""q2"":{""-1"":false,""-2"":false,""-3"":false,""0"":false,""1"":true,""2"":false,""3"":false,""video not playing"":false},""q3"":{""-1"":false,""-2"":false,""-3"":false,""0"":true,""1"":false,""2"":false,""3"":false,""video not playing"":false},""q4"":{""-1"":true,""-2"":false,""-3"":false,""0"":false,""1"":false,""2"":false,""3"":false,""video not playing"":false},""q5"":{""-1"":false,""-2"":false,""-3"":false,""0"":true,""1"":false,""2"":false,""3"":false,""video not playing"":false},""q6"":{""-1"":false,""-2"":false,""-3"":false,""0"":true,""1"":false,""2"":false,""3"":false,""video not playing"":false},""q7"":{""-1"":false,""-2"":false,""-3"":true,""0"":false,""1"":false,""2"":false,""3"":false,""video not playing"":false},""q8"":{""-1"":false,""-2"":false,""-3"":false,""0"":true,""1"":false,""2"":false,""3"":false,""video not playing"":false},""q9"":{""-1"":false,""-2"":false,""-3"":false,""0"":true,""1"":false,""2"":false,""3"":false,""video not playing"":false},""worker_ip"":""206.12.181.123-false""}]",206.12.181.123,FALSE,Submitted,0,1,0,-1,0,0,-3,0,0,0,,,Y,Y,30,0,16.666666666666664,"q1,q5,q7","q2,q3,q4,q6,q8,q9,q10"
19,3GONHBMNHV5G7X8XXW9ZD1EENONZMR,https://workersandbox.mturk.com/mturk/preview?groupId=3KBQBQZF89I5HJ5L7CR9YSAQNI2AP1,https://requestersandbox.mturk.com/mturk/manageHITs,Assignable,1,A2EE2N0X2ZPJ5E,3HMVI3QICK0MT2AXYQTK4MDP7WEY11,2023-10-24 14:45:50-07:00,2023-10-24 14:48:45-07:00,"[{""q1"":{""-1"":true,""-2"":false,""-3"":false,""0"":false,""1"":false,""2"":false,""3"":false,""video not playing"":false},""q10"":{""-1"":true,""-2"":false,""-3"":false,""0"":false,""1"":false,""2"":false,""3"":false,""video not playing"":false},""q2"":{""-1"":false,""-2"":false,""-3"":false,""0"":true,""1"":false,""2"":false,""3"":false,""video not playing"":false},""q3"":{""-1"":false,""-2"":false,""-3"":false,""0"":false,""1"":true,""2"":false,""3"":false,""video not playing"":false},""q4"":{""-1"":false,""-2"":false,""-3"":false,""0"":true,""1"":false,""2"":false,""3"":false,""video not playing"":false},""q5"":{""-1"":false,""-2"":false,""-3"":false,""0"":true,""1"":false,""2"":false,""3"":false,""video not playing"":false},""q6"":{""-1"":false,""-2"":true,""-3"":false,""0"":false,""1"":false,""2"":false,""3"":false,""video not playing"":false},""q7"":{""-1"":false,""-2"":false,""-3"":false,""0"":true,""1"":false,""2"":false,""3"":false,""video not playing"":false},""q8"":{""-1"":false,""-2"":true,""-3"":false,""0"":false,""1"":false,""2"":false,""3"":false,""video not playing"":false},""q9"":{""-1"":false,""-2"":false,""-3"":false,""0"":true,""1"":false,""2"":false,""3"":false,""video not playing"":false}}]",,,Submitted,-1,0,1,0,0,-2,0,-2,0,-1,,,Y,Y,70,50,75,"q2,q4,q5,q6,q7,q8,q10","q1,q3,q9"
20,3VLL1PIENQV470T9ACOC553JIO2ZO6,https://workersandbox.mturk.com/mturk/preview?groupId=34PM2WU5W9LQTWL0K4VY3NA5O0QART,https://requestersandbox.mturk.com/mturk/manageHITs,Assignable,1,A2EE2N0X2ZPJ5E,3ZY8KE4ISKBT6CZ9EUWFYOH3XR4QVF,2023-10-24 14:48:53-07:00,2023-10-24 14:51:01-07:00,"[{""q1"":{""-1"":false,""-2"":true,""-3"":false,""0"":false,""1"":false,""2"":false,""3"":false,""video not playing"":false},""q10"":{""-1"":false,""-2"":true,""-3"":false,""0"":false,""1"":false,""2"":false,""3"":false,""video not playing"":false},""q2"":{""-1"":false,""-2"":false,""-3"":false,""0"":true,""1"":false,""2"":false,""3"":false,""video not playing"":false},""q3"":{""-1"":true,""-2"":false,""-3"":false,""0"":false,""1"":false,""2"":false,""3"":false,""video not playing"":false},""q4"":{""-1"":false,""-2"":false,""-3"":false,""0"":true,""1"":false,""2"":false,""3"":false,""video not playing"":false},""q5"":{""-1"":false,""-2"":false,""-3"":false,""0"":true,""1"":false,""2"":false,""3"":false,""video not playing"":false},""q6"":{""-1"":false,""-2"":false,""-3"":false,""0"":true,""1"":false,""2"":false,""3"":false,""video not playing"":false},""q7"":{""-1"":false,""-2"":true,""-3"":false,""0"":false,""1"":false,""2"":false,""3"":false,""video not playing"":false},""q8"":{""-1"":false,""-2"":false,""-3"":false,""0"":true,""1"":false,""2"":false,""3"":false,""video not playing"":false},""q9"":{""-1"":true,""-2"":false,""-3"":false,""0"":false,""1"":false,""2"":false,""3"":false,""video not playing"":false},""worker_ip"":""128.189.79.229-false""}]",128.189.79.229,FALSE,Submitted,-2,0,-1,0,0,0,-2,0,-1,-2,,,Y,Y,50,50,25,"q1,q2,q7,q9,q10","q3,q4,q5,q6,q8"
21,3WRAAIUSBJ6Q01ZTZBV97P33L70XA8,https://workersandbox.mturk.com/mturk/preview?groupId=37D300AOKMABY4LTERSRFWHKM74DIU,https://requestersandbox.mturk.com/mturk/manageHITs,Assignable,1,A2EE2N0X2ZPJ5E,3SB5N7Y3O4CM0M4F813EJHNBX8J0G3,2023-10-24 14:51:15-07:00,2023-10-24 14:53:16-07:00,"[{""q1"":{""-1"":false,""-2"":false,""-3"":false,""0"":false,""1"":true,""2"":false,""3"":false,""video not playing"":false},""q10"":{""-1"":false,""-2"":true,""-3"":false,""0"":false,""1"":false,""2"":false,""3"":false,""video not playing"":false},""q2"":{""-1"":false,""-2"":true,""-3"":false,""0"":false,""1"":false,""2"":false,""3"":false,""video not playing"":false},""q3"":{""-1"":false,""-2"":false,""-3"":false,""0"":true,""1"":false,""2"":false,""3"":false,""video not playing"":false},""q4"":{""-1"":false,""-2"":false,""-3"":false,""0"":true,""1"":false,""2"":false,""3"":false,""video not playing"":false},""q5"":{""-1"":true,""-2"":false,""-3"":false,""0"":false,""1"":false,""2"":false,""3"":false,""video not playing"":false},""q6"":{""-1"":false,""-2"":false,""-3"":false,""0"":true,""1"":false,""2"":false,""3"":false,""video not playing"":false},""q7"":{""-1"":false,""-2"":false,""-3"":false,""0"":true,""1"":false,""2"":false,""3"":false,""video not playing"":false},""q8"":{""-1"":false,""-2"":true,""-3"":false,""0"":false,""1"":false,""2"":false,""3"":false,""video not playing"":false},""q9"":{""-1"":false,""-2"":false,""-3"":false,""0"":true,""1"":false,""2"":false,""3"":false,""video not playing"":false},""worker_ip"":""128.189.79.229-true""}]",128.189.79.229,TRUE,Submitted,1,-2,0,0,-1,0,0,-2,0,-2,,,Y,Y,80,50,100,"q2,q4,q5,q6,q7,q8,q9,q10","q1,q3"
22,322ZSN9Z5GR4HVASL0KL5JWXG1H4TM,https://workersandbox.mturk.com/mturk/preview?groupId=3RGEMZF7KV305EKUGLHLLCN7VCMGZ4,https://requestersandbox.mturk.com/mturk/manageHITs,Assignable,1,A2EE2N0X2ZPJ5E,3BF51CHDTWI00IZQS7LW4HZCC8W0H2,2023-10-24 14:53:30-07:00,2023-10-24 14:55:41-07:00,"[{""q1"":{""-1"":false,""-2"":false,""-3"":false,""0"":true,""1"":false,""2"":false,""3"":false,""video not playing"":false},""q10"":{""-1"":false,""-2"":false,""-3"":false,""0"":true,""1"":false,""2"":false,""3"":false,""video not playing"":false},""q2"":{""-1"":false,""-2"":false,""-3"":false,""0"":true,""1"":false,""2"":false,""3"":false,""video not playing"":false},""q3"":{""-1"":false,""-2"":false,""-3"":false,""0"":true,""1"":false,""2"":false,""3"":false,""video not playing"":false},""q4"":{""-1"":false,""-2"":false,""-3"":false,""0"":true,""1"":false,""2"":false,""3"":false,""video not playing"":false},""q5"":{""-1"":false,""-2"":true,""-3"":false,""0"":false,""1"":false,""2"":false,""3"":false,""video not playing"":false},""q6"":{""-1"":false,""-2"":false,""-3"":false,""0"":false,""1"":true,""2"":false,""3"":false,""video not playing"":false},""q7"":{""-1"":false,""-2"":false,""-3"":false,""0"":false,""1"":true,""2"":false,""3"":false,""video not playing"":false},""q8"":{""-1"":true,""-2"":false,""-3"":false,""0"":false,""1"":false,""2"":false,""3"":false,""video not playing"":false},""q9"":{""-1"":false,""-2"":false,""-3"":false,""0"":true,""1"":false,""2"":false,""3"":false,""video not playing"":false},""worker_ip"":""128.189.79.229-false""}]",128.189.79.229,FALSE,Submitted,0,0,0,0,-2,1,1,-1,0,0,,,Y,Y,50,0,60,"q2,q3,q4,q5,q9","q1,q6,q7,q8,q10"
23,33NKDW9FFXPETGWRJPR0DKTRLALXCA,https://workersandbox.mturk.com/mturk/preview?groupId=37R8JAFGQ0A7TF5ZW9DRRXWKZMTDJ6,https://requestersandbox.mturk.com/mturk/manageHITs,Assignable,1,A2EE2N0X2ZPJ5E,3QECW5O0KI9P0YCMP78XZVYR4A1T5P,2023-10-24 14:55:54-07:00,2023-10-24 14:58:15-07:00,"[{""q1"":{""-1"":false,""-2"":false,""-3"":false,""0"":true,""1"":false,""2"":false,""3"":false,""video not playing"":false},""q10"":{""-1"":false,""-2"":false,""-3"":false,""0"":false,""1"":false,""2"":true,""3"":false,""video not playing"":false},""q2"":{""-1"":false,""-2"":false,""-3"":false,""0"":true,""1"":false,""2"":false,""3"":false,""video not playing"":false},""q3"":{""-1"":false,""-2"":false,""-3"":false,""0"":true,""1"":false,""2"":false,""3"":false,""video not playing"":false},""q4"":{""-1"":false,""-2"":true,""-3"":false,""0"":false,""1"":false,""2"":false,""3"":false,""video not playing"":false},""q5"":{""-1"":false,""-2"":true,""-3"":false,""0"":false,""1"":false,""2"":false,""3"":false,""video not playing"":false},""q6"":{""-1"":false,""-2"":false,""-3"":false,""0"":true,""1"":false,""2"":false,""3"":false,""video not playing"":false},""q7"":{""-1"":false,""-2"":false,""-3"":false,""0"":true,""1"":false,""2"":false,""3"":false,""video not playing"":false},""q8"":{""-1"":false,""-2"":false,""-3"":false,""0"":true,""1"":false,""2"":false,""3"":false,""video not playing"":false},""q9"":{""-1"":false,""-2"":false,""-3"":false,""0"":false,""1"":true,""2"":false,""3"":false,""video not playing"":false}}]",,,Submitted,0,0,0,-2,-2,0,0,0,1,2,,,Y,Y,70,50,75,"q2,q3,q4,q5,q7,q9,q10","q1,q6,q8"
24,38O9DZ0A62UOCJKTL9T41U7LCFA26D,https://workersandbox.mturk.com/mturk/preview?groupId=3A5N6ETZETP4RZJVNF8HFXZ5BZ9JFN,https://requestersandbox.mturk.com/mturk/manageHITs,Assignable,1,A2EE2N0X2ZPJ5E,3OUYGIZWR86SDZXEBKT1DQ13YZ60P7,2023-10-24 14:58:24-07:00,2023-10-24 14:59:53-07:00,"[{""q1"":{""-1"":false,""-2"":false,""-3"":false,""0"":true,""1"":false,""2"":false,""3"":false,""video not playing"":false},""q10"":{""-1"":false,""-2"":false,""-3"":false,""0"":true,""1"":false,""2"":false,""3"":false,""video not playing"":false},""q2"":{""-1"":false,""-2"":true,""-3"":false,""0"":false,""1"":false,""2"":false,""3"":false,""video not playing"":false},""q3"":{""-1"":false,""-2"":false,""-3"":false,""0"":true,""1"":false,""2"":false,""3"":false,""video not playing"":false},""q4"":{""-1"":true,""-2"":false,""-3"":false,""0"":false,""1"":false,""2"":false,""3"":false,""video not playing"":false},""q5"":{""-1"":false,""-2"":false,""-3"":false,""0"":true,""1"":false,""2"":false,""3"":false,""video not playing"":false},""q6"":{""-1"":true,""-2"":false,""-3"":false,""0"":false,""1"":false,""2"":false,""3"":false,""video not playing"":false},""q7"":{""-1"":false,""-2"":true,""-3"":false,""0"":false,""1"":false,""2"":false,""3"":false,""video not playing"":false},""q8"":{""-1"":false,""-2"":false,""-3"":true,""0"":false,""1"":false,""2"":false,""3"":false,""video not playing"":false},""q9"":{""-1"":false,""-2"":false,""-3"":false,""0"":true,""1"":false,""2"":false,""3"":false,""video not playing"":false},""worker_ip"":""128.189.79.229-true""}]",128.189.79.229,TRUE,Submitted,0,-2,0,-1,0,-1,-2,-3,0,0,,,Y,Y,90,80,100,"q1,q2,q3,q4,q5,q6,q7,q8,q9",q10
25,3S829FDFT28OY825JLMBXQB96AXXDA,https://workersandbox.mturk.com/mturk/preview?groupId=3LWRTF7M40624ZBHEUD3SCWXEBTDK5,https://requestersandbox.mturk.com/mturk/manageHITs,Assignable,1,A2EE2N0X2ZPJ5E,3A0EX8ZRN9WN60SP0NM9AYQYT85YBK,2023-10-24 15:00:04-07:00,2023-10-24 15:01:45-07:00,"[{""q1"":{""-1"":false,""-2"":false,""-3"":false,""0"":true,""1"":false,""2"":false,""3"":false,""video not playing"":false},""q10"":{""-1"":false,""-2"":false,""-3"":false,""0"":true,""1"":false,""2"":false,""3"":false,""video not playing"":false},""q2"":{""-1"":false,""-2"":false,""-3"":false,""0"":true,""1"":false,""2"":false,""3"":false,""video not playing"":false},""q3"":{""-1"":false,""-2"":true,""-3"":false,""0"":false,""1"":false,""2"":false,""3"":false,""video not playing"":false},""q4"":{""-1"":true,""-2"":false,""-3"":false,""0"":false,""1"":false,""2"":false,""3"":false,""video not playing"":false},""q5"":{""-1"":true,""-2"":false,""-3"":false,""0"":false,""1"":false,""2"":false,""3"":false,""video not playing"":false},""q6"":{""-1"":true,""-2"":false,""-3"":false,""0"":false,""1"":false,""2"":false,""3"":false,""video not playing"":false},""q7"":{""-1"":false,""-2"":false,""-3"":false,""0"":true,""1"":false,""2"":false,""3"":false,""video not playing"":false},""q8"":{""-1"":true,""-2"":false,""-3"":false,""0"":false,""1"":false,""2"":false,""3"":false,""video not playing"":false},""q9"":{""-1"":false,""-2"":false,""-3"":false,""0"":true,""1"":false,""2"":false,""3"":false,""video not playing"":false},""worker_ip"":""128.189.79.229-true""}]",128.189.79.229,TRUE,Submitted,0,0,-2,-1,-1,-1,0,-1,0,0,,,Y,Y,80,50,100,"q1,q2,q3,q4,q5,q6,q8,q10","q7,q9"
26,3RQVKZ7ZRKQ7GJYY4JYW787H7QU27C,https://workersandbox.mturk.com/mturk/preview?groupId=36OR6SYIOYHA5ZFQYZEZXIZHCE9JGM,https://requestersandbox.mturk.com/mturk/manageHITs,Assignable,1,A2EE2N0X2ZPJ5E,36AHBNMV1SKGLXQ9EJDF5OEYWTHYDR,2023-10-24 15:01:57-07:00,2023-10-24 15:04:01-07:00,"[{""q1"":{""-1"":false,""-2"":false,""-3"":false,""0"":true,""1"":false,""2"":false,""3"":false,""video not playing"":false},""q10"":{""-1"":true,""-2"":false,""-3"":false,""0"":false,""1"":false,""2"":false,""3"":false,""video not playing"":false},""q2"":{""-1"":false,""-2"":true,""-3"":false,""0"":false,""1"":false,""2"":false,""3"":false,""video not playing"":false},""q3"":{""-1"":false,""-2"":false,""-3"":false,""0"":false,""1"":false,""2"":true,""3"":false,""video not playing"":false},""q4"":{""-1"":true,""-2"":false,""-3"":false,""0"":false,""1"":false,""2"":false,""3"":false,""video not playing"":false},""q5"":{""-1"":false,""-2"":false,""-3"":false,""0"":true,""1"":false,""2"":false,""3"":false,""video not playing"":false},""q6"":{""-1"":false,""-2"":false,""-3"":false,""0"":true,""1"":false,""2"":false,""3"":false,""video not playing"":false},""q7"":{""-1"":true,""-2"":false,""-3"":false,""0"":false,""1"":false,""2"":false,""3"":false,""video not playing"":false},""q8"":{""-1"":false,""-2"":false,""-3"":true,""0"":false,""1"":false,""2"":false,""3"":false,""video not playing"":false},""q9"":{""-1"":false,""-2"":false,""-3"":false,""0"":true,""1"":false,""2"":false,""3"":false,""video not playing"":false},""worker_ip"":""128.189.79.229-false""}]",128.189.79.229,FALSE,Submitted,0,-2,2,-1,0,0,-1,-3,0,-1,,,Y,Y,80,100,60,"q1,q2,q3,q5,q6,q7,q8,q10","q4,q9"
27,3NRZ1LDP7WDMS05APC1RU589STYZPN,https://workersandbox.mturk.com/mturk/preview?groupId=34LHDG0NEUL2UBLDZTV3TXF1A29ASH,https://requestersandbox.mturk.com/mturk/manageHITs,Assignable,1,A2EE2N0X2ZPJ5E,39KFRKBFIO37PUHY4SRVGIQX07OOYE,2023-10-24 15:04:15-07:00,2023-10-24 15:05:48-07:00,"[{""q1"":{""-1"":false,""-2"":false,""-3"":false,""0"":true,""1"":false,""2"":false,""3"":false,""video not playing"":false},""q10"":{""-1"":false,""-2"":false,""-3"":false,""0"":true,""1"":false,""2"":false,""3"":false,""video not playing"":false},""q2"":{""-1"":false,""-2"":false,""-3"":false,""0"":false,""1"":true,""2"":false,""3"":false,""video not playing"":false},""q3"":{""-1"":false,""-2"":false,""-3"":false,""0"":true,""1"":false,""2"":false,""3"":false,""video not playing"":false},""q4"":{""-1"":false,""-2"":false,""-3"":false,""0"":false,""1"":false,""2"":true,""3"":false,""video not playing"":false},""q5"":{""-1"":false,""-2"":false,""-3"":false,""0"":true,""1"":false,""2"":false,""3"":false,""video not playing"":false},""q6"":{""-1"":true,""-2"":false,""-3"":false,""0"":false,""1"":false,""2"":false,""3"":false,""video not playing"":false},""q7"":{""-1"":false,""-2"":true,""-3"":false,""0"":false,""1"":false,""2"":false,""3"":false,""video not playing"":false},""q8"":{""-1"":true,""-2"":false,""-3"":false,""0"":false,""1"":false,""2"":false,""3"":false,""video not playing"":false},""q9"":{""-1"":true,""-2"":false,""-3"":false,""0"":false,""1"":false,""2"":false,""3"":false,""video not playing"":false},""worker_ip"":""128.189.79.229-false""}]",128.189.79.229,FALSE,Submitted,0,1,0,2,0,-1,-2,-1,-1,0,,,Y,Y,30,0,16.666666666666664,"q3,q7,q10","q1,q2,q4,q5,q6,q8,q9"
28,3T5ZXGO9DEV7SC6PPPGGUAYJXPKZQE,https://workersandbox.mturk.com/mturk/preview?groupId=3J2GQK7M7O3UJNZMHVWRZNUVCZ6OPE,https://requestersandbox.mturk.com/mturk/manageHITs,Assignable,1,A2EE2N0X2ZPJ5E,34Q075JO1YLPW7ECQIIBCUJ5VJ0104,2023-10-24 15:05:58-07:00,2023-10-24 15:07:41-07:00,"[{""q1"":{""-1"":false,""-2"":true,""-3"":false,""0"":false,""1"":false,""2"":false,""3"":false,""video not playing"":false},""q10"":{""-1"":false,""-2"":false,""-3"":false,""0"":true,""1"":false,""2"":false,""3"":false,""video not playing"":false},""q2"":{""-1"":true,""-2"":false,""-3"":false,""0"":false,""1"":false,""2"":false,""3"":false,""video not playing"":false},""q3"":{""-1"":false,""-2"":false,""-3"":false,""0"":true,""1"":false,""2"":false,""3"":false,""video not playing"":false},""q4"":{""-1"":false,""-2"":false,""-3"":false,""0"":true,""1"":false,""2"":false,""3"":false,""video not playing"":false},""q5"":{""-1"":false,""-2"":false,""-3"":false,""0"":true,""1"":false,""2"":false,""3"":false,""video not playing"":false},""q6"":{""-1"":false,""-2"":true,""-3"":false,""0"":false,""1"":false,""2"":false,""3"":false,""video not playing"":false},""q7"":{""-1"":true,""-2"":false,""-3"":false,""0"":false,""1"":false,""2"":false,""3"":false,""video not playing"":false},""q8"":{""-1"":false,""-2"":false,""-3"":false,""0"":true,""1"":false,""2"":false,""3"":false,""video not playing"":false},""q9"":{""-1"":false,""-2"":false,""-3"":false,""0"":true,""1"":false,""2"":false,""3"":false,""video not playing"":false},""worker_ip"":""128.189.79.229-true""}]",128.189.79.229,TRUE,Submitted,-2,-1,0,0,0,-2,-1,0,0,0,,,Y,Y,70,0,83.33333333333334,"q1,q2,q3,q4,q6,q7,q10","q5,q8,q9"
29,3XDJY5RK5SSJH8PHL5AVAFIZZFO4UD,https://workersandbox.mturk.com/mturk/preview?groupId=3F3JD5CN1M5H3P9FWXMB0DWMS5GH0C,https://requestersandbox.mturk.com/mturk/manageHITs,Assignable,1,A2EE2N0X2ZPJ5E,3Q5C1WP23N9ORE0DNOONTPFWCRB15P,2023-10-24 15:07:59-07:00,2023-10-24 15:09:19-07:00,"[{""q1"":{""-1"":false,""-2"":true,""-3"":false,""0"":false,""1"":false,""2"":false,""3"":false,""video not playing"":false},""q10"":{""-1"":true,""-2"":false,""-3"":false,""0"":false,""1"":false,""2"":false,""3"":false,""video not playing"":false},""q2"":{""-1"":true,""-2"":false,""-3"":false,""0"":false,""1"":false,""2"":false,""3"":false,""video not playing"":false},""q3"":{""-1"":false,""-2"":false,""-3"":false,""0"":true,""1"":false,""2"":false,""3"":false,""video not playing"":false},""q4"":{""-1"":false,""-2"":false,""-3"":false,""0"":true,""1"":false,""2"":false,""3"":false,""video not playing"":false},""q5"":{""-1"":false,""-2"":false,""-3"":true,""0"":false,""1"":false,""2"":false,""3"":false,""video not playing"":false},""q6"":{""-1"":false,""-2"":false,""-3"":false,""0"":true,""1"":false,""2"":false,""3"":false,""video not playing"":false},""q7"":{""-1"":false,""-2"":false,""-3"":false,""0"":true,""1"":false,""2"":false,""3"":false,""video not playing"":false},""q8"":{""-1"":false,""-2"":false,""-3"":false,""0"":true,""1"":false,""2"":false,""3"":false,""video not playing"":false},""q9"":{""-1"":false,""-2"":false,""-3"":false,""0"":false,""1"":true,""2"":false,""3"":false,""video not playing"":false},""worker_ip"":""128.189.79.229-false""}]",128.189.79.229,FALSE,Submitted,-2,-1,0,0,-3,0,0,0,1,-1,,,Y,Y,60,66.66666666666666,40,"q1,q4,q5,q7,q9,q10","q2,q3,q6,q8"
30,391FPZIE4CTDTKDC0CUE44R34K9UHO,https://workersandbox.mturk.com/mturk/preview?groupId=3RQPR0TC3HPE63GML299YA3ZV8HMHS,https://requestersandbox.mturk.com/mturk/manageHITs,Assignable,1,A2EE2N0X2ZPJ5E,3ZWFC4W1UVF4MGSJRUGBLSOM5JIRFT,2023-10-24 15:09:30-07:00,2023-10-24 15:11:26-07:00,"[{""q1"":{""-1"":false,""-2"":false,""-3"":false,""0"":true,""1"":false,""2"":false,""3"":false,""video not playing"":false},""q10"":{""-1"":false,""-2"":false,""-3"":false,""0"":false,""1"":true,""2"":false,""3"":false,""video not playing"":false},""q2"":{""-1"":false,""-2"":false,""-3"":false,""0"":true,""1"":false,""2"":false,""3"":false,""video not playing"":false},""q3"":{""-1"":false,""-2"":true,""-3"":false,""0"":false,""1"":false,""2"":false,""3"":false,""video not playing"":false},""q4"":{""-1"":true,""-2"":false,""-3"":false,""0"":false,""1"":false,""2"":false,""3"":false,""video not playing"":false},""q5"":{""-1"":true,""-2"":false,""-3"":false,""0"":false,""1"":false,""2"":false,""3"":false,""video not playing"":false},""q6"":{""-1"":true,""-2"":false,""-3"":false,""0"":false,""1"":false,""2"":false,""3"":false,""video not playing"":false},""q7"":{""-1"":false,""-2"":false,""-3"":false,""0"":true,""1"":false,""2"":false,""3"":false,""video not playing"":false},""q8"":{""-1"":false,""-2"":false,""-3"":false,""0"":true,""1"":false,""2"":false,""3"":false,""video not playing"":false},""q9"":{""-1"":false,""-2"":false,""-3"":false,""0"":true,""1"":false,""2"":false,""3"":false,""video not playing"":false},""worker_ip"":""128.189.79.229-false""}]",128.189.79.229,FALSE,Submitted,0,0,-2,-1,-1,-1,0,0,0,1,,,Y,Y,50,25,50,"q1,q3,q6,q8,q10","q2,q4,q5,q7,q9"
31,3FJ2RVH25ZDBU2MRJGWGL4YN2GI29O,https://workersandbox.mturk.com/mturk/preview?groupId=3TS5PGRXLW1O1QLLONE2IUCXRR1JIE,https://requestersandbox.mturk.com/mturk/manageHITs,Assignable,1,A2EE2N0X2ZPJ5E,3ZV9H2YQQEFEE0TC6TPF7I76U8SW3S,2023-10-24 15:11:35-07:00,2023-10-24 15:12:58-07:00,"[{""q1"":{""-1"":false,""-2"":false,""-3"":false,""0"":true,""1"":false,""2"":false,""3"":false,""video not playing"":false},""q10"":{""-1"":false,""-2"":true,""-3"":false,""0"":false,""1"":false,""2"":false,""3"":false,""video not playing"":false},""q2"":{""-1"":false,""-2"":false,""-3"":false,""0"":true,""1"":false,""2"":false,""3"":false,""video not playing"":false},""q3"":{""-1"":false,""-2"":false,""-3"":false,""0"":true,""1"":false,""2"":false,""3"":false,""video not playing"":false},""q4"":{""-1"":false,""-2"":false,""-3"":false,""0"":true,""1"":false,""2"":false,""3"":false,""video not playing"":false},""q5"":{""-1"":false,""-2"":false,""-3"":false,""0"":true,""1"":false,""2"":false,""3"":false,""video not playing"":false},""q6"":{""-1"":true,""-2"":false,""-3"":false,""0"":false,""1"":false,""2"":false,""3"":false,""video not playing"":false},""q7"":{""-1"":false,""-2"":false,""-3"":false,""0"":true,""1"":false,""2"":false,""3"":false,""video not playing"":false},""q8"":{""-1"":false,""-2"":false,""-3"":false,""0"":true,""1"":false,""2"":false,""3"":false,""video not playing"":false},""q9"":{""-1"":false,""-2"":false,""-3"":false,""0"":false,""1"":true,""2"":false,""3"":false,""video not playing"":false},""worker_ip"":""128.189.79.229-false""}]",128.189.79.229,FALSE,Submitted,0,0,0,0,0,-1,0,0,1,-2,,,Y,Y,60,33.33333333333333,60,"q1,q4,q6,q7,q8,q10","q2,q3,q5,q9"
32,3MJ9GGZYO3DPZLWWBMAGHZ978Y02A3,https://workersandbox.mturk.com/mturk/preview?groupId=3T6A8QWPRA1KW15R65Z2UVRX46QJJQ,https://requestersandbox.mturk.com/mturk/manageHITs,Assignable,1,A2EE2N0X2ZPJ5E,31Q0U3WYDQN3EIEWBH3KR9TS3X6174,2023-10-24 15:16:52-07:00,2023-10-24 15:19:03-07:00,"[{""q1"":{""-1"":false,""-2"":false,""-3"":false,""0"":true,""1"":false,""2"":false,""3"":false,""video not playing"":false},""q10"":{""-1"":false,""-2"":false,""-3"":false,""0"":true,""1"":false,""2"":false,""3"":false,""video not playing"":false},""q2"":{""-1"":false,""-2"":false,""-3"":false,""0"":false,""1"":false,""2"":true,""3"":false,""video not playing"":false},""q3"":{""-1"":false,""-2"":false,""-3"":false,""0"":true,""1"":false,""2"":false,""3"":false,""video not playing"":false},""q4"":{""-1"":false,""-2"":false,""-3"":false,""0"":true,""1"":false,""2"":false,""3"":false,""video not playing"":false},""q5"":{""-1"":false,""-2"":false,""-3"":false,""0"":true,""1"":false,""2"":false,""3"":false,""video not playing"":false},""q6"":{""-1"":false,""-2"":false,""-3"":false,""0"":true,""1"":false,""2"":false,""3"":false,""video not playing"":false},""q7"":{""-1"":true,""-2"":false,""-3"":false,""0"":false,""1"":false,""2"":false,""3"":false,""video not playing"":false},""q8"":{""-1"":false,""-2"":false,""-3"":false,""0"":true,""1"":false,""2"":false,""3"":false,""video not playing"":false},""q9"":{""-1"":false,""-2"":true,""-3"":false,""0"":false,""1"":false,""2"":false,""3"":false,""video not playing"":false},""worker_ip"":""128.189.79.229-true""}]",128.189.79.229,TRUE,Submitted,0,2,0,0,0,0,-1,0,-2,0,,,Y,Y,40,20,33.33333333333333,"q2,q3,q4,q9","q1,q5,q6,q7,q8,q10"
33,34KYK9TV2RFNNUIMBFPI3S6HOAJSBQ,https://workersandbox.mturk.com/mturk/preview?groupId=35BG8P11HILT6LH6KUGUZQIGF2NF37,https://requestersandbox.mturk.com/mturk/manageHITs,Assignable,1,A2EE2N0X2ZPJ5E,3PJ71Z61R5A7S12PQE1455KYYNU19G,2023-10-24 15:19:20-07:00,2023-10-24 15:21:05-07:00,"[{""q1"":{""-1"":false,""-2"":true,""-3"":false,""0"":false,""1"":false,""2"":false,""3"":false,""video not playing"":false},""q10"":{""-1"":false,""-2"":false,""-3"":false,""0"":false,""1"":true,""2"":false,""3"":false,""video not playing"":false},""q2"":{""-1"":false,""-2"":false,""-3"":false,""0"":true,""1"":false,""2"":false,""3"":false,""video not playing"":false},""q3"":{""-1"":true,""-2"":false,""-3"":false,""0"":false,""1"":false,""2"":false,""3"":false,""video not playing"":false},""q4"":{""-1"":false,""-2"":false,""-3"":false,""0"":true,""1"":false,""2"":false,""3"":false,""video not playing"":false},""q5"":{""-1"":false,""-2"":false,""-3"":false,""0"":true,""1"":false,""2"":false,""3"":false,""video not playing"":false},""q6"":{""-1"":false,""-2"":false,""-3"":false,""0"":true,""1"":false,""2"":false,""3"":false,""video not playing"":false},""q7"":{""-1"":false,""-2"":false,""-3"":false,""0"":true,""1"":false,""2"":false,""3"":false,""video not playing"":false},""q8"":{""-1"":false,""-2"":false,""-3"":false,""0"":true,""1"":false,""2"":false,""3"":false,""video not playing"":false},""q9"":{""-1"":false,""-2"":false,""-3"":false,""0"":false,""1"":true,""2"":false,""3"":false,""video not playing"":false},""worker_ip"":""128.189.79.229-false""}]",128.189.79.229,FALSE,Submitted,-2,0,-1,0,0,0,0,0,1,1,,,Y,Y,50,0,100,"q1,q5,q7,q8,q9","q2,q3,q4,q6,q10"
34,371Q3BEXDHGJ5SL2HT5LPADKFD5ZS3,https://workersandbox.mturk.com/mturk/preview?groupId=3PGGMFI6D6LFJZ01H8BGZSK5HVSOQ5,https://requestersandbox.mturk.com/mturk/manageHITs,Assignable,1,A2EE2N0X2ZPJ5E,3IJXV6UZ1YROW7U9S2MWOP1ELBARIK,2023-10-24 15:21:17-07:00,2023-10-24 15:22:55-07:00,"[{""q1"":{""-1"":false,""-2"":false,""-3"":false,""0"":true,""1"":false,""2"":false,""3"":false,""video not playing"":false},""q10"":{""-1"":false,""-2"":false,""-3"":false,""0"":true,""1"":false,""2"":false,""3"":false,""video not playing"":false},""q2"":{""-1"":true,""-2"":false,""-3"":false,""0"":false,""1"":false,""2"":false,""3"":false,""video not playing"":false},""q3"":{""-1"":false,""-2"":false,""-3"":false,""0"":true,""1"":false,""2"":false,""3"":false,""video not playing"":false},""q4"":{""-1"":false,""-2"":false,""-3"":false,""0"":false,""1"":true,""2"":false,""3"":false,""video not playing"":false},""q5"":{""-1"":false,""-2"":false,""-3"":true,""0"":false,""1"":false,""2"":false,""3"":false,""video not playing"":false},""q6"":{""-1"":false,""-2"":true,""-3"":false,""0"":false,""1"":false,""2"":false,""3"":false,""video not playing"":false},""q7"":{""-1"":false,""-2"":false,""-3"":false,""0"":true,""1"":false,""2"":false,""3"":false,""video not playing"":false},""q8"":{""-1"":false,""-2"":false,""-3"":false,""0"":true,""1"":false,""2"":false,""3"":false,""video not playing"":false},""q9"":{""-1"":false,""-2"":false,""-3"":false,""0"":true,""1"":false,""2"":false,""3"":false,""video not playing"":false},""worker_ip"":""128.189.79.229-true""}]",128.189.79.229,TRUE,Submitted,0,-1,0,1,-3,-2,0,0,0,0,,,Y,Y,40,66.66666666666666,0,"q3,q4,q5,q6","q1,q2,q7,q8,q9,q10"
35,3DFYDSXB2W79KQ82OCXZGH7IHCDUJT,https://workersandbox.mturk.com/mturk/preview?groupId=3VQ3WJ3HVN3E2YR6RKRUYM4EVLWMIL,https://requestersandbox.mturk.com/mturk/manageHITs,Assignable,1,A2EE2N0X2ZPJ5E,3WQ3B2KGE9OQGUHMOYF0WBFOMNX1BQ,2023-10-24 15:23:07-07:00,2023-10-24 15:25:22-07:00,"[{""q1"":{""-1"":false,""-2"":true,""-3"":false,""0"":false,""1"":false,""2"":false,""3"":false,""video not playing"":false},""q10"":{""-1"":false,""-2"":false,""-3"":false,""0"":false,""1"":false,""2"":true,""3"":false,""video not playing"":false},""q2"":{""-1"":false,""-2"":false,""-3"":false,""0"":true,""1"":false,""2"":false,""3"":false,""video not playing"":false},""q3"":{""-1"":false,""-2"":false,""-3"":true,""0"":false,""1"":false,""2"":false,""3"":false,""video not playing"":false},""q4"":{""-1"":false,""-2"":false,""-3"":false,""0"":true,""1"":false,""2"":false,""3"":false,""video not playing"":false},""q5"":{""-1"":false,""-2"":false,""-3"":false,""0"":true,""1"":false,""2"":false,""3"":false,""video not playing"":false},""q6"":{""-1"":false,""-2"":false,""-3"":false,""0"":true,""1"":false,""2"":false,""3"":false,""video not playing"":false},""q7"":{""-1"":false,""-2"":false,""-3"":false,""0"":true,""1"":false,""2"":false,""3"":false,""video not playing"":false},""q8"":{""-1"":false,""-2"":false,""-3"":false,""0"":true,""1"":false,""2"":false,""3"":false,""video not playing"":false},""q9"":{""-1"":false,""-2"":false,""-3"":false,""0"":false,""1"":true,""2"":false,""3"":false,""video not playing"":false},""worker_ip"":""128.189.79.229-false""}]",128.189.79.229,FALSE,Submitted,-2,0,-3,0,0,0,0,0,1,2,,,Y,Y,70,50,100,"q1,q3,q4,q6,q8,q9,q10","q2,q5,q7"
36,3VMHWJRYHVNLWSG1ARH1LQEUINDXFL,https://workersandbox.mturk.com/mturk/preview?groupId=3M7B7ZP99OE5ZE4YWSNBKLYO18VRIE,https://requestersandbox.mturk.com/mturk/manageHITs,Assignable,1,A2EE2N0X2ZPJ5E,3FUI0JHJPY6HN2ROW9ED2LW9WFY33T,2023-10-24 15:25:36-07:00,2023-10-24 15:27:45-07:00,"[{""q1"":{""-1"":true,""-2"":false,""-3"":false,""0"":false,""1"":false,""2"":false,""3"":false,""video not playing"":false},""q10"":{""-1"":false,""-2"":false,""-3"":false,""0"":false,""1"":true,""2"":false,""3"":false,""video not playing"":false},""q2"":{""-1"":false,""-2"":false,""-3"":true,""0"":false,""1"":false,""2"":false,""3"":false,""video not playing"":false},""q3"":{""-1"":false,""-2"":false,""-3"":true,""0"":false,""1"":false,""2"":false,""3"":false,""video not playing"":false},""q4"":{""-1"":false,""-2"":false,""-3"":false,""0"":true,""1"":false,""2"":false,""3"":false,""video not playing"":false},""q5"":{""-1"":false,""-2"":false,""-3"":false,""0"":true,""1"":false,""2"":false,""3"":false,""video not playing"":false},""q6"":{""-1"":false,""-2"":false,""-3"":false,""0"":false,""1"":true,""2"":false,""3"":false,""video not playing"":false},""q7"":{""-1"":false,""-2"":false,""-3"":false,""0"":true,""1"":false,""2"":false,""3"":false,""video not playing"":false},""q8"":{""-1"":false,""-2"":false,""-3"":false,""0"":true,""1"":false,""2"":false,""3"":false,""video not playing"":false},""q9"":{""-1"":true,""-2"":false,""-3"":false,""0"":false,""1"":false,""2"":false,""3"":false,""video not playing"":false},""worker_ip"":""128.189.79.229-false""}]",128.189.79.229,FALSE,Submitted,-1,-3,-3,0,0,1,0,0,-1,1,,,Y,Y,60,0,57.14285714285714,"q1,q2,q5,q8,q9,q10","q3,q4,q6,q7"
37,3MQY1YVHS3RUIV1OH0ACCATDQGL2BY,https://workersandbox.mturk.com/mturk/preview?groupId=37BTIVOV5AXF7LB9OQZEVARAJVQJKP,https://requestersandbox.mturk.com/mturk/manageHITs,Assignable,1,A2EE2N0X2ZPJ5E,3IX2EGZR7CRKRIEFAK7W0QGEYQZRJW,2023-10-24 15:27:56-07:00,2023-10-24 15:29:09-07:00,"[{""q1"":{""-1"":true,""-2"":false,""-3"":false,""0"":false,""1"":false,""2"":false,""3"":false,""video not playing"":false},""q10"":{""-1"":false,""-2"":false,""-3"":false,""0"":true,""1"":false,""2"":false,""3"":false,""video not playing"":false},""q2"":{""-1"":false,""-2"":false,""-3"":false,""0"":true,""1"":false,""2"":false,""3"":false,""video not playing"":false},""q3"":{""-1"":true,""-2"":false,""-3"":false,""0"":false,""1"":false,""2"":false,""3"":false,""video not playing"":false},""q4"":{""-1"":false,""-2"":true,""-3"":false,""0"":false,""1"":false,""2"":false,""3"":false,""video not playing"":false},""q5"":{""-1"":false,""-2"":true,""-3"":false,""0"":false,""1"":false,""2"":false,""3"":false,""video not playing"":false},""q6"":{""-1"":false,""-2"":false,""-3"":false,""0"":true,""1"":false,""2"":false,""3"":false,""video not playing"":false},""q7"":{""-1"":false,""-2"":false,""-3"":false,""0"":true,""1"":false,""2"":false,""3"":false,""video not playing"":false},""q8"":{""-1"":false,""-2"":false,""-3"":false,""0"":true,""1"":false,""2"":false,""3"":false,""video not playing"":false},""q9"":{""-1"":false,""-2"":false,""-3"":false,""0"":true,""1"":false,""2"":false,""3"":false,""video not playing"":false},""worker_ip"":""128.189.79.229-false""}]",128.189.79.229,FALSE,Submitted,-1,0,-1,-2,-2,0,0,0,0,0,,,Y,Y,40,0,40,"q1,q5,q6,q10","q2,q3,q4,q7,q8,q9"
38,3RKHNXPHGW34VAEK6XXBHW7VW1DUKS,https://workersandbox.mturk.com/mturk/preview?groupId=3V48FT89113AX9BC92CUANJE80LMJX,https://requestersandbox.mturk.com/mturk/manageHITs,Assignable,1,A2EE2N0X2ZPJ5E,3W2LOLRXLCNF22KXS57815GRDFZRKV,2023-10-24 15:29:20-07:00,2023-10-24 15:31:07-07:00,"[{""q1"":{""-1"":false,""-2"":false,""-3"":false,""0"":true,""1"":false,""2"":false,""3"":false,""video not playing"":false},""q10"":{""-1"":false,""-2"":false,""-3"":false,""0"":true,""1"":false,""2"":false,""3"":false,""video not playing"":false},""q2"":{""-1"":false,""-2"":true,""-3"":false,""0"":false,""1"":false,""2"":false,""3"":false,""video not playing"":false},""q3"":{""-1"":false,""-2"":false,""-3"":false,""0"":true,""1"":false,""2"":false,""3"":false,""video not playing"":false},""q4"":{""-1"":false,""-2"":false,""-3"":false,""0"":false,""1"":true,""2"":false,""3"":false,""video not playing"":false},""q5"":{""-1"":false,""-2"":false,""-3"":false,""0"":true,""1"":false,""2"":false,""3"":false,""video not playing"":false},""q6"":{""-1"":false,""-2"":false,""-3"":false,""0"":false,""1"":true,""2"":false,""3"":false,""video not playing"":false},""q7"":{""-1"":false,""-2"":false,""-3"":false,""0"":true,""1"":false,""2"":false,""3"":false,""video not playing"":false},""q8"":{""-1"":false,""-2"":true,""-3"":false,""0"":false,""1"":false,""2"":false,""3"":false,""video not playing"":false},""q9"":{""-1"":false,""-2"":false,""-3"":false,""0"":false,""1"":true,""2"":false,""3"":false,""video not playing"":false},""worker_ip"":""128.189.79.229-false""}]",128.189.79.229,FALSE,Submitted,0,-2,0,1,0,1,0,-2,1,0,,,Y,Y,70,50,66.66666666666666,"q1,q2,q3,q4,q5,q8,q10","q6,q7,q9"
40,3W3RSPVVGSYFFGW2RX9CWWKAL1IULV,https://workersandbox.mturk.com/mturk/preview?groupId=399RPY0FF1Z58THURNC6B2JRNPLMKW,https://requestersandbox.mturk.com/mturk/manageHITs,Assignable,1,A2EE2N0X2ZPJ5E,3DI28L7YXBMONXT6YPHQXJL9PKA1EQ,2023-10-24 15:45:19-07:00,2023-10-24 15:46:39-07:00,"[{""q1"":{""-1"":false,""-2"":false,""-3"":false,""0"":true,""1"":false,""2"":false,""3"":false,""video not playing"":false},""q10"":{""-1"":false,""-2"":false,""-3"":false,""0"":true,""1"":false,""2"":false,""3"":false,""video not playing"":false},""q2"":{""-1"":false,""-2"":false,""-3"":true,""0"":false,""1"":false,""2"":false,""3"":false,""video not playing"":false},""q3"":{""-1"":false,""-2"":false,""-3"":false,""0"":true,""1"":false,""2"":false,""3"":false,""video not playing"":false},""q4"":{""-1"":false,""-2"":true,""-3"":false,""0"":false,""1"":false,""2"":false,""3"":false,""video not playing"":false},""q5"":{""-1"":false,""-2"":false,""-3"":false,""0"":true,""1"":false,""2"":false,""3"":false,""video not playing"":false},""q6"":{""-1"":false,""-2"":false,""-3"":true,""0"":false,""1"":false,""2"":false,""3"":false,""video not playing"":false},""q7"":{""-1"":false,""-2"":false,""-3"":false,""0"":true,""1"":false,""2"":false,""3"":false,""video not playing"":false},""q8"":{""-1"":false,""-2"":false,""-3"":false,""0"":false,""1"":false,""2"":true,""3"":false,""video not playing"":false},""q9"":{""-1"":true,""-2"":false,""-3"":false,""0"":false,""1"":false,""2"":false,""3"":false,""video not playing"":false},""worker_ip"":""128.189.79.229-false""}]",128.189.79.229,FALSE,Submitted,0,-3,0,-2,0,-3,0,2,-1,0,,,Y,Y,60,60,33.33333333333333,"q2,q4,q5,q6,q8,q9","q1,q3,q7,q10"
41,30U1YOGZGA3G2RG6PBGOYIUHRVVSDX,https://workersandbox.mturk.com/mturk/preview?groupId=3MVRTDU8OEVWK04AYD4NENG0TYEF5X,https://requestersandbox.mturk.com/mturk/manageHITs,Assignable,1,A2EE2N0X2ZPJ5E,3NPI0JQDAPDTT8U59MHBX138VA2TPB,2023-10-24 15:33:55-07:00,2023-10-24 15:35:38-07:00,"[{""q1"":{""-1"":false,""-2"":false,""-3"":false,""0"":true,""1"":false,""2"":false,""3"":false,""video not playing"":false},""q10"":{""-1"":false,""-2"":false,""-3"":false,""0"":false,""1"":true,""2"":false,""3"":false,""video not playing"":false},""q2"":{""-1"":true,""-2"":false,""-3"":false,""0"":false,""1"":false,""2"":false,""3"":false,""video not playing"":false},""q3"":{""-1"":false,""-2"":false,""-3"":false,""0"":true,""1"":false,""2"":false,""3"":false,""video not playing"":false},""q4"":{""-1"":true,""-2"":false,""-3"":false,""0"":false,""1"":false,""2"":false,""3"":false,""video not playing"":false},""q5"":{""-1"":false,""-2"":true,""-3"":false,""0"":false,""1"":false,""2"":false,""3"":false,""video not playing"":false},""q6"":{""-1"":false,""-2"":true,""-3"":false,""0"":false,""1"":false,""2"":false,""3"":false,""video not playing"":false},""q7"":{""-1"":false,""-2"":false,""-3"":false,""0"":true,""1"":false,""2"":false,""3"":false,""video not playing"":false},""q8"":{""-1"":false,""-2"":false,""-3"":false,""0"":true,""1"":false,""2"":false,""3"":false,""video not playing"":false},""q9"":{""-1"":false,""-2"":false,""-3"":false,""0"":true,""1"":false,""2"":false,""3"":false,""video not playing"":false},""worker_ip"":""128.189.79.229-false""}]",128.189.79.229,FALSE,Submitted,0,-1,0,-1,-2,-2,0,0,0,1,,,Y,Y,60,66.66666666666666,40,"q1,q2,q5,q6,q9,q10","q3,q4,q7,q8"
42,3TFJJUELSHWDS0TUV067NUZV81L2C5,https://workersandbox.mturk.com/mturk/preview?groupId=3CU3NNU956SQRRTR9QBFAA4P8VVJLS,https://requestersandbox.mturk.com/mturk/manageHITs,Assignable,1,A2EE2N0X2ZPJ5E,36U2A8VAG27OZ3WJ60Z2919OG2EYK4,2023-10-24 15:35:49-07:00,2023-10-24 15:37:27-07:00,"[{""q1"":{""-1"":false,""-2"":false,""-3"":false,""0"":true,""1"":false,""2"":false,""3"":false,""video not playing"":false},""q10"":{""-1"":false,""-2"":false,""-3"":false,""0"":true,""1"":false,""2"":false,""3"":false,""video not playing"":false},""q2"":{""-1"":false,""-2"":false,""-3"":false,""0"":true,""1"":false,""2"":false,""3"":false,""video not playing"":false},""q3"":{""-1"":false,""-2"":false,""-3"":false,""0"":true,""1"":false,""2"":false,""3"":false,""video not playing"":false},""q4"":{""-1"":false,""-2"":false,""-3"":false,""0"":true,""1"":false,""2"":false,""3"":false,""video not playing"":false},""q5"":{""-1"":false,""-2"":false,""-3"":false,""0"":true,""1"":false,""2"":false,""3"":false,""video not playing"":false},""q6"":{""-1"":false,""-2"":false,""-3"":false,""0"":false,""1"":true,""2"":false,""3"":false,""video not playing"":false},""q7"":{""-1"":false,""-2"":false,""-3"":false,""0"":false,""1"":true,""2"":false,""3"":false,""video not playing"":false},""q8"":{""-1"":false,""-2"":false,""-3"":false,""0"":true,""1"":false,""2"":false,""3"":false,""video not playing"":false},""q9"":{""-1"":false,""-2"":true,""-3"":false,""0"":false,""1"":false,""2"":false,""3"":false,""video not playing"":false},""worker_ip"":""128.189.79.229-false""}]",128.189.79.229,FALSE,Submitted,0,0,0,0,0,1,1,0,-2,0,,,Y,Y,50,0,50,"q1,q6,q8,q9,q10","q2,q3,q4,q5,q7"
43,3A9LA2FRWSL5AO775H51OBQ7Y2QXHJ,https://workersandbox.mturk.com/mturk/preview?groupId=30QZ0EM7T2AW59UMWV8NX1D1TCKRKP,https://requestersandbox.mturk.com/mturk/manageHITs,Assignable,1,A2EE2N0X2ZPJ5E,3BDCF01OGY2ZJ9E1R0B3O1M352JYL7,2023-10-24 15:37:42-07:00,2023-10-24 15:39:05-07:00,"[{""q1"":{""-1"":false,""-2"":false,""-3"":false,""0"":true,""1"":false,""2"":false,""3"":false,""video not playing"":false},""q10"":{""-1"":false,""-2"":false,""-3"":false,""0"":true,""1"":false,""2"":false,""3"":false,""video not playing"":false},""q2"":{""-1"":false,""-2"":true,""-3"":false,""0"":false,""1"":false,""2"":false,""3"":false,""video not playing"":false},""q3"":{""-1"":false,""-2"":false,""-3"":false,""0"":true,""1"":false,""2"":false,""3"":false,""video not playing"":false},""q4"":{""-1"":false,""-2"":false,""-3"":false,""0"":false,""1"":false,""2"":true,""3"":false,""video not playing"":false},""q5"":{""-1"":false,""-2"":false,""-3"":false,""0"":false,""1"":true,""2"":false,""3"":false,""video not playing"":false},""q6"":{""-1"":false,""-2"":true,""-3"":false,""0"":false,""1"":false,""2"":false,""3"":false,""video not playing"":false},""q7"":{""-1"":false,""-2"":false,""-3"":false,""0"":true,""1"":false,""2"":false,""3"":false,""video not playing"":false},""q8"":{""-1"":true,""-2"":false,""-3"":false,""0"":false,""1"":false,""2"":false,""3"":false,""video not playing"":false},""q9"":{""-1"":false,""-2"":false,""-3"":false,""0"":true,""1"":false,""2"":false,""3"":false,""video not playing"":false},""worker_ip"":""128.189.79.229-false""}]",128.189.79.229,FALSE,Submitted,0,-2,0,2,1,-2,0,-1,0,0,,,Y,Y,70,50,66.66666666666666,"q1,q2,q4,q6,q7,q8,q10","q3,q5,q9"
44,3Y7LTZE0YTTZK5D66Y0L4BV80AQZUJ,https://workersandbox.mturk.com/mturk/preview?groupId=33GCHQ2CVO6FV0F1UN0G4IUADHUOR6,https://requestersandbox.mturk.com/mturk/manageHITs,Assignable,1,A2EE2N0X2ZPJ5E,34MAJL3QP5V25YASWNJWCQOFAFU34E,2023-10-24 15:43:20-07:00,2023-10-24 15:44:57-07:00,"[{""q1"":{""-1"":false,""-2"":false,""-3"":false,""0"":true,""1"":false,""2"":false,""3"":false,""video not playing"":false},""q10"":{""-1"":false,""-2"":false,""-3"":false,""0"":true,""1"":false,""2"":false,""3"":false,""video not playing"":false},""q2"":{""-1"":false,""-2"":false,""-3"":false,""0"":true,""1"":false,""2"":false,""3"":false,""video not playing"":false},""q3"":{""-1"":true,""-2"":false,""-3"":false,""0"":false,""1"":false,""2"":false,""3"":false,""video not playing"":false},""q4"":{""-1"":false,""-2"":true,""-3"":false,""0"":false,""1"":false,""2"":false,""3"":false,""video not playing"":false},""q5"":{""-1"":false,""-2"":false,""-3"":false,""0"":true,""1"":false,""2"":false,""3"":false,""video not playing"":false},""q6"":{""-1"":false,""-2"":false,""-3"":false,""0"":true,""1"":false,""2"":false,""3"":false,""video not playing"":false},""q7"":{""-1"":false,""-2"":false,""-3"":false,""0"":true,""1"":false,""2"":false,""3"":false,""video not playing"":false},""q8"":{""-1"":false,""-2"":false,""-3"":false,""0"":true,""1"":false,""2"":false,""3"":false,""video not playing"":false},""q9"":{""-1"":false,""-2"":true,""-3"":false,""0"":false,""1"":false,""2"":false,""3"":false,""video not playing"":false},""worker_ip"":""128.189.79.229-false""}]",128.189.79.229,FALSE,Submitted,0,0,-1,-2,0,0,0,0,-2,0,,,Y,Y,40,0,50,"q2,q3,q4,q8","q1,q5,q6,q7,q9,q10"
45,3LCXHSGDLTDLUXU6L6R840C2R7WSEQ,https://workersandbox.mturk.com/mturk/preview?groupId=3EETFKUFDZDS344O3WES6TU0PTPF6D,https://requestersandbox.mturk.com/mturk/manageHITs,Assignable,1,A2EE2N0X2ZPJ5E,3UNH76FOCTDJPRWMRCCIOE1S579YM9,2023-10-24 15:39:46-07:00,2023-10-24 15:43:10-07:00,"[{""q1"":{""-1"":false,""-2"":true,""-3"":false,""0"":false,""1"":false,""2"":false,""3"":false,""video not playing"":false},""q10"":{""-1"":false,""-2"":false,""-3"":false,""0"":true,""1"":false,""2"":false,""3"":false,""video not playing"":false},""q2"":{""-1"":false,""-2"":false,""-3"":false,""0"":false,""1"":true,""2"":false,""3"":false,""video not playing"":false},""q3"":{""-1"":false,""-2"":false,""-3"":false,""0"":true,""1"":false,""2"":false,""3"":false,""video not playing"":false},""q4"":{""-1"":true,""-2"":false,""-3"":false,""0"":false,""1"":false,""2"":false,""3"":false,""video not playing"":false},""q5"":{""-1"":true,""-2"":false,""-3"":false,""0"":false,""1"":false,""2"":false,""3"":false,""video not playing"":false},""q6"":{""-1"":false,""-2"":false,""-3"":false,""0"":true,""1"":false,""2"":false,""3"":false,""video not playing"":false},""q7"":{""-1"":false,""-2"":true,""-3"":false,""0"":false,""1"":false,""2"":false,""3"":false,""video not playing"":false},""q8"":{""-1"":false,""-2"":false,""-3"":false,""0"":true,""1"":false,""2"":false,""3"":false,""video not playing"":false},""q9"":{""-1"":false,""-2"":true,""-3"":false,""0"":false,""1"":false,""2"":false,""3"":false,""video not playing"":false}}]",,,Submitted,-2,1,0,-1,-1,0,-2,0,-2,0,,,Y,Y,70,50,75,"q1,q2,q3,q5,q7,q8,q9","q4,q6,q10"
46,39RRBHZ0AU8ZXK26BOAQ0XXREHZZV8,https://workersandbox.mturk.com/mturk/preview?groupId=33C7SA8UD96RWFFE9C0LUSZ6ZJDOSU,https://requestersandbox.mturk.com/mturk/manageHITs,Assignable,1,A2EE2N0X2ZPJ5E,34S9DKFK74XP79HM3DRI1TQSAXJYN9,2023-10-24 15:46:50-07:00,2023-10-24 15:48:21-07:00,"[{""q1"":{""-1"":false,""-2"":false,""-3"":false,""0"":false,""1"":true,""2"":false,""3"":false,""video not playing"":false},""q10"":{""-1"":false,""-2"":false,""-3"":false,""0"":false,""1"":false,""2"":true,""3"":false,""video not playing"":false},""q2"":{""-1"":false,""-2"":false,""-3"":false,""0"":true,""1"":false,""2"":false,""3"":false,""video not playing"":false},""q3"":{""-1"":false,""-2"":false,""-3"":false,""0"":true,""1"":false,""2"":false,""3"":false,""video not playing"":false},""q4"":{""-1"":false,""-2"":false,""-3"":false,""0"":true,""1"":false,""2"":false,""3"":false,""video not playing"":false},""q5"":{""-1"":true,""-2"":false,""-3"":false,""0"":false,""1"":false,""2"":false,""3"":false,""video not playing"":false},""q6"":{""-1"":false,""-2"":false,""-3"":false,""0"":true,""1"":false,""2"":false,""3"":false,""video not playing"":false},""q7"":{""-1"":false,""-2"":false,""-3"":false,""0"":true,""1"":false,""2"":false,""3"":false,""video not playing"":false},""q8"":{""-1"":false,""-2"":false,""-3"":true,""0"":false,""1"":false,""2"":false,""3"":false,""video not playing"":false},""q9"":{""-1"":false,""-2"":false,""-3"":false,""0"":false,""1"":true,""2"":false,""3"":false,""video not playing"":false},""worker_ip"":""128.189.79.229-false""}]",128.189.79.229,FALSE,Submitted,1,0,0,0,-1,0,0,-3,1,2,,,Y,Y,60,66.66666666666666,0,"q1,q2,q5,q8,q9,q10","q3,q4,q6,q7"
47,3E9ZFLPWOYZ56JIRBZNMONRMYF5XIC,https://workersandbox.mturk.com/mturk/preview?groupId=359956SLTY57PFC4HVKOC1QGICPRLS,https://requestersandbox.mturk.com/mturk/manageHITs,Assignable,1,A2EE2N0X2ZPJ5E,3ZSY5X72NYJYST5CQXZ18MX0XK9ROF,2023-10-24 15:48:34-07:00,2023-10-24 15:50:05-07:00,"[{""q1"":{""-1"":false,""-2"":true,""-3"":false,""0"":false,""1"":false,""2"":false,""3"":false,""video not playing"":false},""q10"":{""-1"":false,""-2"":true,""-3"":false,""0"":false,""1"":false,""2"":false,""3"":false,""video not playing"":false},""q2"":{""-1"":false,""-2"":false,""-3"":false,""0"":true,""1"":false,""2"":false,""3"":false,""video not playing"":false},""q3"":{""-1"":false,""-2"":false,""-3"":false,""0"":true,""1"":false,""2"":false,""3"":false,""video not playing"":false},""q4"":{""-1"":true,""-2"":false,""-3"":false,""0"":false,""1"":false,""2"":false,""3"":false,""video not playing"":false},""q5"":{""-1"":false,""-2"":false,""-3"":false,""0"":true,""1"":false,""2"":false,""3"":false,""video not playing"":false},""q6"":{""-1"":false,""-2"":false,""-3"":false,""0"":false,""1"":true,""2"":false,""3"":false,""video not playing"":false},""q7"":{""-1"":false,""-2"":false,""-3"":false,""0"":true,""1"":false,""2"":false,""3"":false,""video not playing"":false},""q8"":{""-1"":false,""-2"":false,""-3"":false,""0"":true,""1"":false,""2"":false,""3"":false,""video not playing"":false},""q9"":{""-1"":false,""-2"":false,""-3"":false,""0"":true,""1"":false,""2"":false,""3"":false,""video not playing"":false},""worker_ip"":""128.189.79.229-false""}]",128.189.79.229,FALSE,Submitted,-2,0,0,-1,0,1,0,0,0,-2,,,Y,Y,70,75,50,"q1,q4,q5,q6,q8,q9,q10","q2,q3,q7"
48,3IVKZBIBJ0GXE7L8B7ZEP39FJNOSH6,https://workersandbox.mturk.com/mturk/preview?groupId=3XGFMK14YH9B74ITM6JKC7UWK49F7C,https://requestersandbox.mturk.com/mturk/manageHITs,Assignable,1,A2EE2N0X2ZPJ5E,39KFRKBFIO37PUHY4SRVGIQX07OYOO,2023-10-24 15:50:16-07:00,2023-10-24 15:51:38-07:00,"[{""q1"":{""-1"":false,""-2"":false,""-3"":true,""0"":false,""1"":false,""2"":false,""3"":false,""video not playing"":false},""q10"":{""-1"":false,""-2"":false,""-3"":false,""0"":true,""1"":false,""2"":false,""3"":false,""video not playing"":false},""q2"":{""-1"":false,""-2"":false,""-3"":false,""0"":true,""1"":false,""2"":false,""3"":false,""video not playing"":false},""q3"":{""-1"":false,""-2"":false,""-3"":false,""0"":true,""1"":false,""2"":false,""3"":false,""video not playing"":false},""q4"":{""-1"":false,""-2"":false,""-3"":true,""0"":false,""1"":false,""2"":false,""3"":false,""video not playing"":false},""q5"":{""-1"":false,""-2"":true,""-3"":false,""0"":false,""1"":false,""2"":false,""3"":false,""video not playing"":false},""q6"":{""-1"":false,""-2"":false,""-3"":false,""0"":true,""1"":false,""2"":false,""3"":false,""video not playing"":false},""q7"":{""-1"":false,""-2"":false,""-3"":false,""0"":true,""1"":false,""2"":false,""3"":false,""video not playing"":false},""q8"":{""-1"":false,""-2"":false,""-3"":false,""0"":true,""1"":false,""2"":false,""3"":false,""video not playing"":false},""q9"":{""-1"":false,""-2"":false,""-3"":false,""0"":true,""1"":false,""2"":false,""3"":false,""video not playing"":false},""worker_ip"":""128.189.79.229-false""}]",128.189.79.229,FALSE,Submitted,-3,0,0,-3,-2,0,0,0,0,0,,,Y,Y,40,33.33333333333333,0,"q1,q3,q4,q5","q2,q6,q7,q8,q9,q10"
50,3I01FDIL6MFNXSZ8VW1I70HDT1X2D5,https://workersandbox.mturk.com/mturk/preview?groupId=3V48FT89113AX9BC92CUANJE80LJMU,https://requestersandbox.mturk.com/mturk/manageHITs,Assignable,1,A2EE2N0X2ZPJ5E,31QTRG6Q2ULPAUTZJS4A5IVNACKYP5,2023-10-24 15:52:42-07:00,2023-10-24 15:54:52-07:00,"[{""q1"":{""-1"":false,""-2"":false,""-3"":false,""0"":true,""1"":false,""2"":false,""3"":false,""video not playing"":false},""q10"":{""-1"":false,""-2"":false,""-3"":false,""0"":false,""1"":true,""2"":false,""3"":false,""video not playing"":false},""q2"":{""-1"":false,""-2"":true,""-3"":false,""0"":false,""1"":false,""2"":false,""3"":false,""video not playing"":false},""q3"":{""-1"":false,""-2"":false,""-3"":false,""0"":true,""1"":false,""2"":false,""3"":false,""video not playing"":false},""q4"":{""-1"":false,""-2"":false,""-3"":false,""0"":true,""1"":false,""2"":false,""3"":false,""video not playing"":false},""q5"":{""-1"":false,""-2"":false,""-3"":false,""0"":false,""1"":true,""2"":false,""3"":false,""video not playing"":false},""q6"":{""-1"":true,""-2"":false,""-3"":false,""0"":false,""1"":false,""2"":false,""3"":false,""video not playing"":false},""q7"":{""-1"":false,""-2"":false,""-3"":false,""0"":true,""1"":false,""2"":false,""3"":false,""video not playing"":false},""q8"":{""-1"":false,""-2"":false,""-3"":false,""0"":true,""1"":false,""2"":false,""3"":false,""video not playing"":false},""q9"":{""-1"":false,""-2"":false,""-3"":false,""0"":true,""1"":false,""2"":false,""3"":false,""video not playing"":false}}]",,,Submitted,0,-2,0,0,1,-1,0,0,0,1,,,Y,Y,50,25,50,"q1,q2,q5,q6,q7","q3,q4,q8,q9,q10"
51,3EN4YVUOUCZ11U2XTH8M0O6MBUUXJO,https://workersandbox.mturk.com/mturk/preview?groupId=3OJEXC6LPTGRVXUPH7L3CE55IHFRMU,https://requestersandbox.mturk.com/mturk/manageHITs,Assignable,1,A2EE2N0X2ZPJ5E,374TNBHA8C3AA6UEJ5JZ5NLXF86YQW,2023-10-24 15:55:01-07:00,2023-10-24 15:59:06-07:00,"[{""q1"":{""-1"":false,""-2"":false,""-3"":false,""0"":true,""1"":false,""2"":false,""3"":false,""video not playing"":false},""q10"":{""-1"":true,""-2"":false,""-3"":false,""0"":false,""1"":false,""2"":false,""3"":false,""video not playing"":false},""q2"":{""-1"":false,""-2"":false,""-3"":false,""0"":true,""1"":false,""2"":false,""3"":false,""video not playing"":false},""q3"":{""-1"":false,""-2"":false,""-3"":false,""0"":true,""1"":false,""2"":false,""3"":false,""video not playing"":false},""q4"":{""-1"":false,""-2"":true,""-3"":false,""0"":false,""1"":false,""2"":false,""3"":false,""video not playing"":false},""q5"":{""-1"":false,""-2"":false,""-3"":false,""0"":true,""1"":false,""2"":false,""3"":false,""video not playing"":false},""q6"":{""-1"":false,""-2"":false,""-3"":false,""0"":false,""1"":true,""2"":false,""3"":false,""video not playing"":false},""q7"":{""-1"":false,""-2"":false,""-3"":false,""0"":true,""1"":false,""2"":false,""3"":false,""video not playing"":false},""q8"":{""-1"":false,""-2"":false,""-3"":false,""0"":true,""1"":false,""2"":false,""3"":false,""video not playing"":false},""q9"":{""-1"":false,""-2"":false,""-3"":false,""0"":true,""1"":false,""2"":false,""3"":false,""video not playing"":false}}]",,,Submitted,0,0,0,-2,0,1,0,0,0,-1,,,Y,Y,30,0,16.666666666666664,"q3,q4,q5","q1,q2,q6,q7,q8,q9,q10"
52,33IXYHIZB5PSPYD8RRC2DIZYTDY2EY,https://workersandbox.mturk.com/mturk/preview?groupId=3590L785WCNGFRWCL3RUN28EDQVJNU,https://requestersandbox.mturk.com/mturk/manageHITs,Assignable,1,A2EE2N0X2ZPJ5E,3WETL7AQWUGK1HESAS26HIUTABP35J,2023-10-24 15:59:21-07:00,2023-10-24 16:01:45-07:00,"[{""q1"":{""-1"":false,""-2"":true,""-3"":false,""0"":false,""1"":false,""2"":false,""3"":false,""video not playing"":false},""q10"":{""-1"":true,""-2"":false,""-3"":false,""0"":false,""1"":false,""2"":false,""3"":false,""video not playing"":false},""q2"":{""-1"":false,""-2"":false,""-3"":false,""0"":true,""1"":false,""2"":false,""3"":false,""video not playing"":false},""q3"":{""-1"":false,""-2"":false,""-3"":false,""0"":false,""1"":false,""2"":true,""3"":false,""video not playing"":false},""q4"":{""-1"":false,""-2"":true,""-3"":false,""0"":false,""1"":false,""2"":false,""3"":false,""video not playing"":false},""q5"":{""-1"":false,""-2"":false,""-3"":false,""0"":false,""1"":true,""2"":false,""3"":false,""video not playing"":false},""q6"":{""-1"":false,""-2"":false,""-3"":false,""0"":true,""1"":false,""2"":false,""3"":false,""video not playing"":false},""q7"":{""-1"":false,""-2"":false,""-3"":false,""0"":true,""1"":false,""2"":false,""3"":false,""video not playing"":false},""q8"":{""-1"":false,""-2"":false,""-3"":false,""0"":true,""1"":false,""2"":false,""3"":false,""video not playing"":false},""q9"":{""-1"":false,""-2"":false,""-3"":false,""0"":false,""1"":true,""2"":false,""3"":false,""video not playing"":false}}]",,,Submitted,-2,0,2,-2,1,0,0,0,1,-1,,,Y,Y,70,66.66666666666666,50,"q1,q2,q3,q4,q5,q8,q10","q6,q7,q9"
53,3YLPJ8OXX8KBYCJCQALIUMH3TX54X5,https://workersandbox.mturk.com/mturk/preview?groupId=309SUPN8PFCOZZCTBKQPJ1P1P30H2W,https://requestersandbox.mturk.com/mturk/manageHITs,Assignable,1,A2EE2N0X2ZPJ5E,38YMOXR4MV7DBJGUPVNDELJQ4ZUW6Y,2023-10-24 16:02:07-07:00,2023-10-24 16:03:57-07:00,"[{""q1"":{""-1"":false,""-2"":false,""-3"":false,""0"":true,""1"":false,""2"":false,""3"":false,""video not playing"":false},""q10"":{""-1"":false,""-2"":false,""-3"":false,""0"":true,""1"":false,""2"":false,""3"":false,""video not playing"":false},""q2"":{""-1"":false,""-2"":false,""-3"":false,""0"":true,""1"":false,""2"":false,""3"":false,""video not playing"":false},""q3"":{""-1"":false,""-2"":false,""-3"":false,""0"":false,""1"":true,""2"":false,""3"":false,""video not playing"":false},""q4"":{""-1"":false,""-2"":false,""-3"":false,""0"":true,""1"":false,""2"":false,""3"":false,""video not playing"":false},""q5"":{""-1"":false,""-2"":false,""-3"":false,""0"":true,""1"":false,""2"":false,""3"":false,""video not playing"":false},""q6"":{""-1"":false,""-2"":false,""-3"":true,""0"":false,""1"":false,""2"":false,""3"":false,""video not playing"":false},""q7"":{""-1"":false,""-2"":false,""-3"":false,""0"":false,""1"":true,""2"":false,""3"":false,""video not playing"":false},""q8"":{""-1"":false,""-2"":true,""-3"":false,""0"":false,""1"":false,""2"":false,""3"":false,""video not playing"":false},""q9"":{""-1"":false,""-2"":false,""-3"":false,""0"":true,""1"":false,""2"":false,""3"":false,""video not playing"":false}}]",,,Submitted,0,0,1,0,0,-3,1,-2,0,0,,,Y,Y,80,50,100,"q1,q2,q3,q5,q6,q7,q8,q9","q4,q10"
49,3OPLMF3EU5U2KQCTUWXQI1SGD5RLNW,https://workersandbox.mturk.com/mturk/preview?groupId=3EP32X4638CHAEUXSGQBEIFWXXMH1F,https://requestersandbox.mturk.com/mturk/manageHITs,Assignable,1,ARUXAWT9AUG92,3TMFV4NEP9M0FXZIIAKBYZFHAUKW8K,2023-10-24 16:12:59-07:00,2023-10-24 16:14:42-07:00,"[{""q1"":{""-1"":true,""-2"":false,""-3"":false,""0"":false,""1"":false,""2"":false,""3"":false,""video not playing"":false},""q10"":{""-1"":false,""-2"":false,""-3"":false,""0"":true,""1"":false,""2"":false,""3"":false,""video not playing"":false},""q2"":{""-1"":false,""-2"":false,""-3"":false,""0"":true,""1"":false,""2"":false,""3"":false,""video not playing"":false},""q3"":{""-1"":false,""-2"":false,""-3"":true,""0"":false,""1"":false,""2"":false,""3"":false,""video not playing"":false},""q4"":{""-1"":false,""-2"":true,""-3"":false,""0"":false,""1"":false,""2"":false,""3"":false,""video not playing"":false},""q5"":{""-1"":false,""-2"":false,""-3"":false,""0"":true,""1"":false,""2"":false,""3"":false,""video not playing"":false},""q6"":{""-1"":true,""-2"":false,""-3"":false,""0"":false,""1"":false,""2"":false,""3"":false,""video not playing"":false},""q7"":{""-1"":false,""-2"":false,""-3"":false,""0"":true,""1"":false,""2"":false,""3"":false,""video not playing"":false},""q8"":{""-1"":false,""-2"":false,""-3"":false,""0"":true,""1"":false,""2"":false,""3"":false,""video not playing"":false},""q9"":{""-1"":false,""-2"":false,""-3"":false,""0"":true,""1"":false,""2"":false,""3"":false,""video not playing"":false}}]",,,Submitted,-1,0,-3,-2,0,-1,0,0,0,0,Y,Y,60,25,75,"q2,q3,q4,q6,q7,q9","q1,q5,q8,q10",,